aid,distance,view,danmaku,reply,favorite,coin,share,like,dislike
76677531,-1.136783592,12.06155541,6.452048954,6.274762021,9.085003881,7.925157512,7.663877259,8.769351708,0
53536744,0.981086526,7.903226809,3.091042453,2.197224577,4.59511985,1.098612289,1.098612289,3.850147602,0
372815283,1.342019036,8.35678967,0.693147181,3.36729583,4.94875989,4.189654742,2.197224577,5.308267697,0
22945503,-0.483732224,13.70252437,7.569927655,6.816735881,9.663960522,8.655562861,7.87359779,9.298351249,0
82974099,1.586482605,11.07631019,4.65396035,5.135798437,7.370860167,5.777652323,5.713732806,6.836259277,0
202918970,-0.758179342,11.84587723,5.517452896,5.455321115,8.43511508,7.135687347,7.918992488,8.423102268,0
87442260,0.484612952,10.81253209,5.463831805,5.198497031,7.40671073,6.163314804,6.212606096,8.187577396,0
89778545,0.71630871,7.142036575,0.693147181,1.609437912,2.197224577,1.609437912,3.135494216,3.091042453,0
41523710,0.614605292,8.76623838,5.318119994,4.094344562,5.433722004,5.117993812,2.772588722,5.609471795,0
67920080,0.271872126,11.8493477,4.990432587,4.584967479,6.021023349,4.691347882,5.293304825,7.311218384,0
74365184,0.77333979,12.45803298,6.423246964,5.697093487,8.677098709,7.421775794,7.332369206,8.547916364,0
56073362,0.514731267,8.386172929,2.944438979,3.36729583,4.96284463,3.988984047,2.564949357,4.983606622,0
96641711,1.340579157,10.06764514,5.075173815,5.638354669,4.543294782,2.197224577,4.110873864,5.411646052,0
62931711,-0.567779182,8.95828281,4.343805422,4.077537444,5.429345629,5.438079309,3.36729583,6.383506635,0
85591928,-1.143351148,13.97479461,8.863191341,8.269500767,9.305741457,7.398174093,8.74017673,9.507031739,0
90068427,-0.385173293,10.74220586,5.723585102,6.152732695,7.834392303,7.321849714,5.111987788,8.514188682,0
84687102,0.131220959,11.95717529,5.411646052,4.770684624,7.624130586,5.308267697,5.313205979,7.863651265,0
415534556,1.086525925,8.13973228,1.945910149,2.48490665,4.369447852,3.091042453,4.248495242,4.912654886,0
80436056,0.242680525,7.109879463,1.945910149,2.397895273,4.369447852,3.295836866,1.386294361,4.204692619,0
97863925,1.254889875,6.421622268,0.693147181,0,1.386294361,0,1.791759469,3.044522438,0
669127336,0.046791559,10.08000061,5.564520407,5.093750201,6.342121419,4.812184355,5.123963979,7.137278437,0
58687758,0.903830527,10.2720466,4.043051268,5.549076085,6.188264123,4.709530201,3.713572067,5.945420609,0
91236037,0.121974766,11.41422053,8.033658428,6.64509097,7.337587744,7.218176838,5.837730447,8.219864742,0
74887392,2.129654112,11.45507387,5.420534999,5.105945474,7.65349491,5.459585514,5.976350909,7.288927695,0
89521833,1.06293752,12.6259632,8.739696538,7.921898411,8.56712556,6.995766156,8.783089672,8.593413217,0
458116367,1.250469289,10.2014788,4.634728988,3.988984047,6.948897222,4.709530201,5.726847748,6.775366091,0
71233029,0.799816337,12.18427172,5.910796644,5.451038454,8.184792654,5.620400866,5.84932478,8.114922974,0
84783857,0.08695221,7.784889296,2.708050201,2.890371758,4.110873864,1.791759469,0,4.382026635,0
98018687,1.437624306,6.946975992,0,2.079441542,3.912023005,1.945910149,1.098612289,4.127134385,0
62403549,0.713744733,7.293697721,0.693147181,0.693147181,3.33220451,0.693147181,0.693147181,2.302585093,0
80817193,1.03568814,9.746658289,4.406719247,4.753590191,5.59471138,5.811140993,5.192956851,6.200509174,0
91064811,-0.172218293,11.20267053,4.290459441,4.574710979,7.014814351,4.804021045,5.996452089,6.603943825,0
669000233,0.179519971,11.16093951,5.541263545,5.117993812,6.716594774,5.049856007,4.543294782,7.010311867,0
57667163,-0.01877411,11.62642378,5.857933154,5.313205979,6.33150185,4.820281566,5.332718793,6.725033642,0
32218162,0.116383837,9.067739403,6.255750042,4.709530201,4.219507705,2.63905733,3.044522438,4.369447852,0
87495734,0.076842814,12.08132542,5.198497031,5.036952602,7.239214974,5.33753808,5.298317367,7.183111702,0
93598406,-0.452415352,7.953669779,0,2.944438979,4.976733742,3.17805383,2.564949357,4.65396035,0
370584834,-0.207388643,12.68905728,7.087573706,5.877735782,7.53689713,4.828313737,7.35372233,8.073714641,0
90630723,0.332907062,12.35896539,8.46062284,7.614312146,8.066835314,6.658011046,7.853216388,8.649974303,0
795644209,0.981981698,13.47284136,7.494986234,7.309212366,8.877242436,9.52434787,7.622174595,10.85832569,0
93467361,0.062313333,12.76703324,6.008813185,6.520621128,9.128479345,7.802209316,7.826842098,9.4918283,0
89492637,-0.694797424,12.67213728,5.991464547,8.03592637,7.903965634,7.922623574,6.535241271,9.684709459,0
286639828,-1.873227115,11.77582805,5.393627546,5.749392986,8.74687532,8.822469572,6.940222469,8.9692874,0
52561499,0.766561553,7.184629153,1.098612289,2.302585093,2.995732274,2.079441542,0.693147181,3.36729583,0
926693592,0.786987904,12.3820575,7.926963545,6.421622268,8.091933456,6.107022888,7.468513271,8.127995056,0
541184037,0.045004544,9.059052258,0,2.397895273,4.624972813,2.833213344,3.258096538,4.682131227,0
97131150,1.33701706,7.268920128,3.526360525,3.63758616,2.48490665,2.995732274,3.135494216,3.555348061,0
840557355,0.826950985,9.78261851,2.708050201,2.397895273,4.859812404,3.526360525,3.091042453,6.480044562,0
87956637,0.798189488,9.630365631,2.890371758,3.871201011,6.011267174,4.33073334,3.970291914,6.265301213,0
61101854,-0.127823426,8.61866616,4.094344562,3.828641396,4.983606622,4.859812404,2.772588722,6.049733455,0
26136164,0.894386471,10.64370914,7.555381944,5.327876169,5.356586275,5.583496309,3.871201011,5.846438775,0
925773072,0.14766277,14.141306,9.284612616,8.050703381,10.15105051,10.01543135,9.47600687,10.91728605,0
31627568,0.968606506,12.28794752,5.789960171,5.958424693,8.283241441,6.265301213,6.690842277,7.963807953,0
60773191,1.327636345,12.25541504,6.794586581,5.860786223,8.860499168,6.459904454,7.252762418,8.703340753,0
370710447,0.096930077,10.43831287,3.850147602,3.36729583,7.738923757,6.169610732,6.084499413,7.298445102,0
99173401,-0.6289474,12.73170609,7.504391559,6.118097198,8.718990525,7.323830566,6.315358002,9.727108305,0
94850968,0.943503727,11.42858688,5.476463552,4.110873864,7.312553498,5.549076085,5.318119994,7.524021415,0
34322391,-0.407918632,13.0359729,6.791221463,6.169610732,9.290167672,8.054840221,8.477204183,9.316230747,0
85508584,0.220197442,6.661854741,0,2.63905733,3.784189634,1.609437912,2.197224577,3.496507561,0
65982961,0.740752514,8.810907036,1.945910149,2.48490665,3.555348061,2.833213344,3.17805383,4.787491743,0
201747945,-0.786253837,12.76686488,6.232448017,6.190315406,9.701922012,8.356085031,7.44716836,9.591307848,0
455247714,0.862835566,12.8549727,4.955827058,4.96284463,9.031333316,7.252762418,7.946971358,8.659039916,0
89970093,-0.562008727,11.54826365,4.553876892,4.812184355,7.621684999,6.154858094,5.805134969,7.459338895,0
98647054,-0.291726962,9.564301637,4.564348191,4.543294782,6.722629795,5.187385806,5.236441963,6.802394763,0
456346369,-0.596910053,8.610319169,6.37502482,3.583518938,4.672828834,5.147494477,5.18178355,5.318119994,0
80787618,0.892587228,11.56776397,5.545177444,6.456769656,7.994969523,7.264030143,6.472346295,8.204124933,0
79867253,0.212517719,8.878497404,2.833213344,3.828641396,5.517452896,3.433987204,4.96284463,5.537334267,0
67392603,0.328178804,9.655282571,5.455321115,5.860786223,6.035481433,7.290292882,5.541263545,6.867974409,0
60566864,-0.019682694,11.7793507,5.438079309,5.030437921,7.303843225,7.648739789,4.442651256,8.76623838,0
668634155,0.247113652,11.39961118,4.828313737,4.394449155,7.856319571,5.159055299,5.38907173,7.62754439,0
66756727,0.618772133,9.663007082,3.258096538,3.713572067,6.249975242,5.283203729,5.010635294,5.991464547,0
92273042,1.120740036,8.495356497,1.945910149,2.995732274,4.682131227,3.931825633,2.48490665,5.153291594,0
53141597,0.138592486,8.128290172,1.791759469,1.609437912,4.454347296,3.295836866,2.890371758,4.553876892,0
44395783,1.122052548,10.18055095,3.218875825,3.044522438,4.859812404,3.044522438,5.84932478,5.176149733,0
668020949,-0.506011909,6.642486801,1.386294361,2.772588722,1.945910149,2.302585093,0,3.951243719,0
925776607,0.053820991,10.63760872,5.720311777,5.897153868,7.503289631,7.799343398,6.021023349,8.670429167,0
711009880,-0.696056847,11.94101275,6.011267174,6.326149473,6.883462586,5.541263545,7.145196135,8.492490579,0
840704601,1.421161019,9.125000325,3.33220451,3.401197382,5.33753808,2.995732274,2.197224577,4.927253685,0
60950732,-0.918756737,7.404279118,0,0.693147181,2.197224577,1.098612289,0,1.609437912,0
66179822,-0.764246589,6.689599269,2.197224577,1.098612289,2.708050201,1.791759469,2.302585093,2.708050201,0
796913412,-0.034244272,11.49152817,4.49980967,4.624972813,8.836083191,7.046647278,6.857514063,8.544808358,0
39679770,0.973327998,6.958448393,0,0.693147181,3.526360525,1.791759469,2.397895273,2.48490665,0
841249531,0.564717722,8.645058562,0,1.945910149,1.098612289,0.693147181,0,2.995732274,0
926747450,-1.263661614,11.8522935,8.023224685,6.244166901,7.395721609,5.170483995,6.584791392,8.369157113,0
540957292,2.460011392,11.6194543,6.12905021,5.673323267,6.996681488,5.81711116,6.522092798,7.909489493,0
79492324,-1.520073206,8.461891876,0.693147181,2.564949357,3.688879454,3.36729583,2.197224577,4.060443011,0
88964753,0.431868186,6.758094504,0,2.564949357,4.094344562,1.386294361,2.564949357,4.189654742,0
34042711,0.660217547,7.070724107,0.693147181,1.098612289,2.079441542,1.386294361,3.555348061,2.772588722,0
413076206,2.668376081,8.97853441,0,2.079441542,3.761200116,1.098612289,2.48490665,3.610917913,0
85751747,0.702245684,9.028218795,3.688879454,3.135494216,5.480638923,3.583518938,2.772588722,4.983606622,0
884706891,-0.435640725,10.26217547,5.407171771,5.010635294,5.736572297,6.717804695,5.225746674,7.566828479,0
87094421,0.046196294,10.09732587,3.912023005,4.369447852,5.765191103,5.313205979,5.010635294,6.759255271,0
372528094,0.9771501,8.530898838,2.397895273,2.833213344,3.761200116,2.197224577,3.258096538,4.248495242,0
329922566,-1.086534079,10.79841163,3.891820298,1.945910149,7.360739903,4.976733742,3.091042453,6.400257445,0
49633017,-1.175490213,9.391411147,2.890371758,3.951243719,5.446737372,3.784189634,2.397895273,4.836281907,0
710113183,-0.427924375,9.52566193,3.433987204,4.65396035,5.752572639,4.077537444,4.454347296,6.56526497,0
57828245,0.234237769,9.04640868,5.433722004,4.49980967,5.209486153,5.170483995,0.693147181,6.224558429,0
83190245,0.271542379,12.08248593,6.643789733,6.033086222,8.070906089,6.697034248,7.872836175,8.180040723,0
92345602,0.859580425,10.02597064,4.219507705,4.394449155,7.081708586,5.501258211,5.686975356,7.199678346,0
63346322,1.050190428,9.319194777,5.003946306,4.248495242,4.465908119,2.63905733,0,4.934473933,0
38093899,-0.069455948,8.974618038,3.044522438,2.302585093,4.718498871,3.688879454,2.944438979,4.976733742,0
87247793,0.802252448,12.12862449,5.332718793,4.882801923,9.14835858,6.978213743,6.866933284,8.741296282,0
285671708,2.222502116,10.91457924,5.370638028,4.043051268,6.466144724,4.770684624,5.129898715,7.093404626,0
78218516,1.442683998,13.15823426,6.476972363,6.042632834,9.417110609,8.05452261,7.622174595,9.645687855,0
64430810,0.523917663,13.58037033,8.48301574,7.727975542,9.374752508,7.393263095,8.711278615,9.186150133,0
75349543,-1.002171368,13.39626544,9.841239739,8.6206519,10.50911414,10.64215766,9.261603666,10.76753717,0
541690806,0.381875151,10.71590555,4.521788577,4.043051268,7.208600338,5.484796933,5.497168225,7.032624261,0
76265985,-0.481798234,13.06972813,8.577158773,6.706862337,9.015784278,7.214504414,7.566311015,8.76452191,0
91557257,-1.903927042,10.65280238,3.931825633,4.65396035,7.239932591,5.283203729,5.327876169,7.022868086,0
54923091,1.639085205,8.056743775,3.044522438,2.63905733,4.094344562,4.691347882,2.48490665,4.976733742,0
88474921,0.986103486,8.404472321,0.693147181,1.386294361,3.17805383,2.302585093,1.945910149,3.465735903,0
541438890,0.303647129,6.892641641,0,1.791759469,3.465735903,1.945910149,2.197224577,4.477336814,0
78700766,-0.511682406,12.14385144,5.575949103,4.912654886,7.869783903,5.768320996,5.828945618,7.41517511,0
67086560,0.100438064,7.417580402,1.609437912,0.693147181,3.555348061,1.386294361,3.091042453,3.33220451,0
63258316,0.039360465,10.52145311,3.36729583,4.553876892,4.143134726,1.791759469,5.257495372,5.214935758,0
285180066,0.247944031,12.86975239,6.586171655,6.801283034,9.024251729,8.648922962,6.97354302,9.74788582,0
286277156,0.689585168,11.51679796,5.159055299,4.553876892,6.588926478,5.777652323,4.262679877,7.788211558,0
25481636,-0.540860771,10.54196733,5.036952602,4.49980967,6.248042875,4.644390899,5.298317367,6.43775165,0
70064484,-0.545569674,11.0793849,5.739792912,4.859812404,7.093404626,3.33220451,3.951243719,6.960347729,0
80878535,2.110711879,13.36108732,7.25629724,6.456769656,9.524128692,8.055157732,7.937731775,9.49122439,0
287183749,1.024174662,6.747586527,1.945910149,1.098612289,2.48490665,2.079441542,1.098612289,3.496507561,0
497621053,-0.474189364,9.906782119,4.234106505,3.663561646,6.124683391,4.043051268,4.510859507,6.501289671,0
78048692,1.493290914,8.507546814,2.197224577,2.833213344,5.278114659,2.890371758,2.708050201,4.859812404,0
200357472,0.590436078,11.25574673,6.991176887,6.238324625,7.159291905,5.92157842,6.37502482,8.201111644,0
55958462,-0.563726369,10.54578871,4.394449155,4.882801923,5.857933154,4.369447852,3.737669618,6.206575927,0
82227843,0.274555423,13.65533476,6.461468176,6.338594078,9.862353009,8.254788926,9.057072636,9.418979237,0
77816435,-1.353800396,8.210939733,1.609437912,2.302585093,4.691347882,3.135494216,1.791759469,4.795790546,0
95080084,1.38784874,14.78503604,9.063115652,7.436027816,10.99189798,9.940012327,10.04533428,11.1101617,0
75272553,1.555908564,6.463029457,1.098612289,1.386294361,2.708050201,0,2.079441542,2.708050201,0
70009111,-0.011443929,11.1969125,7.630461262,6.09356977,7.355641103,5.476463552,6.459904454,7.645397699,0
87768795,0.033064291,7.933438388,2.48490665,2.302585093,4.532599493,3.912023005,3.044522438,5.659482216,0
755201443,1.276892906,9.184201714,4.317488114,0.693147181,5.480638923,1.945910149,3.258096538,5.497168225,0
65851822,0.120181243,7.107425474,0,1.609437912,1.386294361,1.098612289,0.693147181,1.609437912,0
667554924,0.049097288,11.43200821,5.894402834,6.159095388,8.067462667,8.618485443,7.321188557,8.846640813,0
89406152,-0.610219267,11.57346538,6.519147288,5.342334252,8.7140749,7.382124366,5.655991811,8.074649075,0
91045378,-0.253383254,11.96411573,6.429719478,6.192362489,7.816416984,7.319202459,7.392031568,8.878915377,0
372361936,-0.346340508,7.224024808,3.688879454,1.791759469,3.713572067,1.791759469,1.791759469,3.36729583,0
88313287,0.798469749,12.25221168,7.10824414,6.954638865,7.252053952,5.743003188,7.090909822,8.216628493,0
627982605,1.625149822,11.29608699,5.746203191,5.976350909,6.915723449,5.370638028,5.351858133,8.29654652,0
60452574,1.363284322,9.868274797,4.553876892,3.850147602,5.746203191,3.33220451,4.110873864,5.860786223,0
84548497,-0.785214594,13.03561088,7.960672608,6.91671502,9.418573311,9.628655892,8.03106018,10.19264354,0
287269439,0.886565397,9.3539211,4.672828834,3.912023005,5.934894196,4.204692619,3.784189634,5.857933154,0
46787805,0.188067564,11.48334216,6.64898455,5.030437921,6.97634807,6.673297968,4.304065093,7.606884531,0
285401084,0.974096636,8.42463921,2.833213344,3.135494216,4.143134726,2.833213344,2.833213344,4.941642423,0
413837239,0.404388678,9.635085095,3.295836866,4.007333185,3.850147602,1.609437912,2.397895273,5.529429088,0
370925945,2.108929859,6.831953566,5.365976015,2.944438979,3.218875825,2.890371758,3.401197382,4.356708827,0
80433722,-0.329834489,11.09293031,5.472270674,3.135494216,8.032684876,6.06610809,6.120297419,7.154615357,0
841571599,1.917055201,12.384382,6.428105273,5.973809612,8.868694777,7.347943823,7.311218384,9.338645632,0
67225271,0.595393878,6.753437919,1.609437912,2.079441542,2.833213344,2.708050201,0.693147181,3.63758616,0
32567613,0.95449775,8.361007108,2.079441542,2.890371758,3.891820298,1.791759469,2.890371758,3.258096538,0
75425475,-1.561038568,7.333676396,1.791759469,2.48490665,3.761200116,3.951243719,3.496507561,3.988984047,0
65594842,0.915861888,13.86262408,8.275885669,7.071573364,9.550235316,7.386470849,8.408493774,9.341017696,0
926266840,-0.378506767,9.101083386,2.197224577,2.833213344,4.718498871,2.302585093,1.945910149,4.8978398,0
75056035,-0.576053716,12.80439528,7.426549072,6.563855527,9.259796981,7.203405521,8.608130186,8.786609455,0
79985740,1.173426229,10.7834462,5.176149733,4.48863637,6.464588304,4.955827058,4.317488114,6.670766321,0
35027151,0.649806246,11.04504757,4.941642423,4.691347882,6.522092798,4.875197323,5.036952602,6.59441346,0
456325892,1.124327939,13.08101625,7.938088727,6.66057515,9.858228646,8.250881145,8.349720837,10.14710018,0
626974624,0.078302949,11.10272918,4.574710979,4.9698133,7.41517511,5.541263545,5.598421959,7.426549072,0
81286497,1.824922215,10.38381273,5.411646052,4.682131227,7.096721378,5.802118375,5.111987788,7.099201744,0
841300082,-0.174843919,10.03683768,4.919980926,4.477336814,6.154858094,6.610696045,5.356586275,7.123672785,0
330216459,0.859541022,11.60323224,5.755742214,5.96100534,7.713337889,6.253828812,7.22620901,8.485908901,0
330801809,1.069868398,8.785692444,2.708050201,2.63905733,4.406719247,4.17438727,3.044522438,5.003946306,0
79853985,1.772804384,6.673297968,2.48490665,1.945910149,2.708050201,1.609437912,1.386294361,4.394449155,0
497731572,1.536717584,6.161207322,0.693147181,1.791759469,2.944438979,1.386294361,1.609437912,3.218875825,0
201181138,0.551338701,12.37764918,5.713732806,5.416100402,8.609042845,6.49677499,6.124683391,8.318742253,0
65902245,-0.763429945,11.8779921,6.393590754,6.200509174,8.648046,8.149601736,7.543802868,9.122492281,0
94734613,-0.216559976,7.621195163,2.48490665,2.48490665,4.356708827,2.63905733,2.397895273,4.553876892,0
90341734,-0.554345654,8.099857911,1.098612289,2.63905733,4.49980967,2.302585093,2.772588722,4.615120517,0
55660688,-0.587570802,9.056023012,2.890371758,2.772588722,5.476463552,3.135494216,2.079441542,5.010635294,0
371010922,2.170431735,8.016977747,0,1.386294361,4.532599493,2.397895273,1.791759469,4.356708827,0
77711713,-0.27523454,8.706986763,0.693147181,1.098612289,4.605170186,2.302585093,2.302585093,3.36729583,0
85479685,-1.259414957,7.96276393,0.693147181,1.098612289,3.433987204,1.609437912,2.397895273,3.135494216,0
81790385,0.515043717,5.749392986,0,1.386294361,0.693147181,0.693147181,0,3.17805383,0
927410380,0.265664748,6.685860947,1.386294361,3.258096538,3.761200116,3.583518938,1.098612289,4.882801923,0
93772133,1.191748884,10.08971813,3.496507561,3.871201011,4.127134385,1.386294361,2.944438979,5.170483995,0
55921371,2.030655021,7.727975542,1.945910149,1.098612289,3.871201011,0,3.17805383,3.433987204,0
81689618,-0.379400512,12.30697624,6.12249281,5.883322388,9.266153437,9.431642228,7.648739789,9.530247592,0
370827370,1.495917048,7.275172319,0.693147181,0,2.564949357,0.693147181,3.044522438,2.708050201,0
77898244,2.182540145,7.284134806,0,1.098612289,2.833213344,2.48490665,3.526360525,3.401197382,0
87142259,1.951026326,9.602044565,3.401197382,3.526360525,5.123963979,3.401197382,4.007333185,5.472270674,0
72002498,0.36551168,7.701200181,1.791759469,1.098612289,3.713572067,3.555348061,4.382026635,4.094344562,0
42172962,-2.37537126,12.51254212,6.063785209,5.65248918,9.322239464,7.6118424,6.725033642,9.231318778,0
73660236,-0.105840005,6.90475077,0,0.693147181,1.791759469,1.098612289,1.098612289,2.63905733,0
54364750,-0.184631661,10.26750547,4.779123493,3.583518938,5.272999559,5.509388337,4.744932128,6.224558429,0
541484769,-1.84448014,7.654917048,0.693147181,3.258096538,4.025351691,2.63905733,3.044522438,4.691347882,0
286042313,0.581305878,8.06714904,0.693147181,1.791759469,3.688879454,0.693147181,0.693147181,4.442651256,0
795802856,1.374559347,13.45184984,8.547334348,7.133295955,9.858124011,8.129469765,8.49023301,9.876167742,0
100486305,-0.129148888,6.957497371,0,2.833213344,4.077537444,2.397895273,2.944438979,4.17438727,0
60991373,0.184846745,8.324093761,4.912654886,4.248495242,4.787491743,4.094344562,3.36729583,5.225746674,0
93751654,-0.395341886,6.056784013,0,1.791759469,1.791759469,2.302585093,1.609437912,2.772588722,0
370746608,-0.655399653,7.323170718,0,2.197224577,1.098612289,1.098612289,0.693147181,2.944438979,0
201642688,1.158123045,6.23636959,0,0.693147181,3.33220451,1.098612289,1.098612289,2.708050201,0
200772163,-0.693781614,7.18690102,0,2.397895273,3.80666249,2.564949357,1.098612289,3.36729583,0
89525271,-1.00484893,11.0694625,4.770684624,4.672828834,7.227662499,5.323009979,4.983606622,7.395107547,0
90281310,-0.604475847,14.15787043,8.793763759,7.521859252,10.56635592,9.019905995,7.576609767,10.94257982,0
49499507,0.139868925,7.255591274,0.693147181,2.079441542,3.135494216,2.564949357,0.693147181,3.610917913,0
86994608,2.467777056,7.672757897,2.63905733,2.197224577,3.433987204,2.397895273,1.098612289,4.454347296,0
66103710,-0.030752102,7.721348613,1.386294361,1.791759469,3.912023005,2.48490665,3.433987204,3.784189634,0
82624135,0.826137949,8.402904045,3.258096538,1.945910149,3.091042453,1.386294361,1.945910149,4.060443011,0
77760489,-1.64710662,9.276876896,0,3.135494216,5.225746674,2.772588722,2.995732274,3.951243719,0
78916051,0.741162085,6.870053412,1.791759469,1.098612289,3.135494216,2.197224577,2.397895273,2.890371758,0
75487745,1.230843986,8.472195825,2.397895273,2.708050201,4.997212274,3.17805383,2.397895273,4.17438727,0
884393466,-0.284807498,10.76155578,5.323009979,4.574710979,7.855157006,6.431331082,5.739792912,7.657282793,0
31100031,-0.049400596,11.69971204,5.476463552,5.236441963,7.355001921,5.529429088,6.530877628,7.042286172,0
75128559,-1.380255146,11.59824959,5.093750201,4.248495242,6.73459166,5.572154032,5.351858133,6.887552572,0
667648524,0.986355999,6.633318433,0,0,2.833213344,1.791759469,1.791759469,2.995732274,0
77942612,1.414968626,11.84974764,5.891644212,5.187385806,7.561641746,6.171700597,6.958448393,7.72841578,0
81936071,-0.768816795,9.1454818,4.248495242,2.48490665,6.484635236,3.761200116,2.890371758,4.905274778,0
85504752,-0.596532513,8.163656176,0.693147181,3.988984047,4.828313737,4.941642423,3.295836866,5.416100402,0
97205232,0.996837597,14.62492763,9.070733418,8.778941882,11.65511056,10.15731549,9.092007185,11.90354086,0
62211837,0.469720148,7.04053639,1.098612289,1.386294361,2.944438979,1.386294361,1.791759469,3.465735903,0
78872436,0.446111579,7.547501683,0.693147181,2.48490665,4.060443011,1.386294361,1.098612289,3.465735903,0
79889094,-1.489036317,7.496652438,0.693147181,2.079441542,3.091042453,1.098612289,1.791759469,2.708050201,0
70285314,0.23077357,6.845879875,0.693147181,1.791759469,2.63905733,2.63905733,1.609437912,3.496507561,0
456226056,-0.789917346,9.162619636,4.644390899,2.944438979,6.01615716,4.477336814,3.80666249,6.29710932,0
202936572,0.678671801,8.252185436,4.043051268,1.609437912,4.532599493,1.791759469,2.63905733,5.141663557,0
73506867,-0.732580916,8.761236807,0.693147181,2.48490665,4.804021045,2.63905733,3.63758616,4.553876892,0
71806191,-0.646453204,13.25812428,7.122866659,5.513428746,9.775710998,8.187855444,6.56667243,9.091331585,0
81081270,-0.053613835,12.39712266,6.03787092,4.59511985,7.438971592,6.198478716,4.709530201,7.884952946,0
68401641,0.566974244,11.35677445,4.418840608,4.762173935,7.77443551,4.65396035,3.850147602,6.586171655,0
585370820,0.58741336,8.458928283,0,3.583518938,5.638354669,4.584967479,3.912023005,5.620400866,0
328981089,-0.774521921,6.908754779,0.693147181,0,3.761200116,0,1.386294361,2.944438979,0
201400367,-1.634453226,7.264030143,0,0.693147181,4.025351691,1.386294361,2.48490665,3.970291914,0
244628248,0.843170083,10.42052385,4.465908119,5.501258211,6.156978986,4.663439094,5.187385806,6.558197803,0
840861132,0.187474267,10.77373435,4.477336814,4.043051268,7.095893221,5.472270674,5.529429088,6.864847778,0
795615213,-0.322307385,7.499423291,1.098612289,2.63905733,3.931825633,2.302585093,2.197224577,4.543294782,0
80732649,0.085448787,8.73439915,4.304065093,2.079441542,4.158883083,3.610917913,2.302585093,4.859812404,0
90045373,1.834342888,10.62839984,5.043425117,4.700480366,7.800982071,6.304448802,6.706862337,7.459914766,0
87083431,-0.967555549,7.6118424,1.098612289,1.791759469,2.63905733,1.386294361,1.945910149,3.091042453,0
93822894,-1.25841989,8.176110342,1.791759469,1.609437912,3.784189634,1.945910149,2.944438979,3.80666249,0
625827681,-0.033152362,8.192293731,0,2.564949357,4.465908119,2.63905733,3.295836866,4.543294782,0
540836001,1.59753046,7.654443226,0.693147181,2.890371758,4.744932128,3.17805383,2.772588722,5.323009979,0
667543485,-0.829833069,9.794174793,4.406719247,3.526360525,4.955827058,4.077537444,4.158883083,7.623153068,0
62806925,-1.111549876,10.10450819,4.248495242,5.497168225,5.123963979,5.225746674,3.610917913,8.203851372,0
87494391,-0.738998961,11.56232497,8.2204031,7.510430556,8.443115988,8.890410552,7.659642955,9.493788494,0
81643331,1.762557355,9.033603193,2.772588722,2.197224577,3.784189634,2.63905733,0,4.762173935,0
62392334,-1.864794942,11.9950244,5.986452005,4.564348191,8.48301574,5.631211782,8.208764046,7.411556288,0
540128101,-0.329616662,14.54332773,8.977651408,8.158802491,9.19776159,9.505171827,7.659642955,11.29500575,0
670491761,2.163848641,8.955577146,2.197224577,3.433987204,4.158883083,2.397895273,1.945910149,4.691347882,0
77901726,2.722249016,8.432941639,2.564949357,3.401197382,3.663561646,2.079441542,2.564949357,5.209486153,0
328592963,-0.698279674,10.63064961,0.693147181,3.496507561,4.007333185,2.48490665,2.564949357,6.897704943,0
83576064,0.657671884,11.62355408,0.693147181,5.375278408,7.54009032,5.733341277,6.056784013,7.163172391,0
54358808,1.114835119,9.216123617,2.397895273,3.091042453,5.81711116,2.833213344,1.945910149,5.342334252,0
62953130,-0.134546004,8.408047744,1.945910149,2.708050201,4.624972813,4.060443011,2.995732274,4.812184355,0
92629810,-2.644960288,12.11959931,7.037905963,6.190315406,8.730690366,9.444700778,7.486052618,9.781828264,0
81722491,-0.362875109,11.69450508,5.497168225,5.552959585,8.051659557,7.23417718,5.605802066,8.266164437,0
84215948,-0.291592381,5.940171253,0,1.386294361,2.48490665,2.197224577,1.098612289,3.496507561,0
56091536,0.888721191,10.80823188,4.219507705,4.143134726,7.198931241,5.438079309,6.171700597,6.817830571,0
68275002,0.783880701,10.87574265,4.59511985,3.610917913,7.809947086,5.902633333,4.304065093,6.863803391,0
97870638,-0.313677548,6.773080376,1.791759469,1.386294361,4.727387819,2.564949357,2.197224577,5.463831805,0
90724054,1.875520528,9.806315641,3.465735903,3.218875825,5.631211782,4.127134385,4.553876892,5.241747015,0
843242668,0.115103236,12.78108642,6.336825731,6.66057515,9.102866514,8.50512061,8.537387899,9.517383798,0
81844550,-0.872940074,11.17330428,4.700480366,4.762173935,7.841885929,7.374629015,6.483107351,7.896924656,0
67833312,1.768452282,9.043222649,3.555348061,3.135494216,4.86753445,3.258096538,2.302585093,5.153291594,0
60915149,-0.088553508,11.02498594,4.682131227,5.236441963,6.070737728,3.555348061,4.418840608,6.839476438,0
244764082,-0.996535151,8.70417056,3.36729583,1.791759469,4.65396035,4.110873864,3.761200116,5.272999559,0
88798888,-0.827546856,5.897153868,0.693147181,0.693147181,2.079441542,2.302585093,1.386294361,2.995732274,0
80781758,2.475764788,7.872836175,1.609437912,2.302585093,4.406719247,2.890371758,2.708050201,3.871201011,0
70172969,2.212675202,8.402455514,2.48490665,1.609437912,4.532599493,2.197224577,2.48490665,4.127134385,0
64223516,-0.398158376,8.916774356,2.079441542,1.386294361,5.472270674,3.496507561,1.386294361,4.369447852,0
82888867,-1.470705546,9.19573422,1.386294361,2.708050201,4.812184355,2.397895273,3.610917913,4.510859507,0
69058769,0.795561689,8.076515328,1.791759469,2.48490665,4.787491743,3.295836866,2.302585093,4.543294782,0
94313236,1.306714032,9.006141237,4.317488114,4.317488114,5.267858159,4.248495242,2.890371758,5.407171771,0
96732888,-0.517780121,6.084499413,1.098612289,1.098612289,1.945910149,1.098612289,1.098612289,1.609437912,0
81460506,0.244150649,9.398146859,4.204692619,3.401197382,5.176149733,4.290459441,3.044522438,6.29156914,0
497834117,0.004691275,8.928507824,1.791759469,1.945910149,5.545177444,4.189654742,3.80666249,5.411646052,0
285746469,2.816045072,12.35720879,4.189654742,4.905274778,7.193685818,4.9698133,5.831882477,7.348587531,0
60268296,-0.928241232,9.731868519,2.772588722,3.33220451,4.919980926,3.784189634,3.135494216,5.017279837,0
712765586,1.751342452,12.62048758,5.262690189,5.598421959,6.280395839,6.797940413,8.007367068,9.001099726,0
80044358,-1.18316272,12.72237823,7.237059026,5.736572297,10.02371205,8.867004635,8.148445666,9.975668669,0
967615736,0.092021892,11.288869,7.574045005,6.762729507,8.468213009,8.50512061,6.591673732,9.32830117,0
55380903,-0.089412792,8.333510709,1.098612289,1.386294361,4.094344562,2.564949357,2.890371758,3.784189634,0
840452235,0.638779321,12.14337243,6.684611728,5.950642553,9.439704535,8.534246946,7.689371108,9.617404201,0
627544183,0.661299746,8.803424212,0.693147181,1.791759469,5.141663557,2.302585093,4.060443011,4.574710979,0
61651129,-0.959275346,8.401557848,1.791759469,3.688879454,2.48490665,2.302585093,1.386294361,3.988984047,0
47585866,0.615154816,14.73974962,8.558910785,7.648263031,10.82764724,9.756089026,10.27277265,11.15998639,0
200699378,2.013234406,6.866933284,1.791759469,1.386294361,2.564949357,1.609437912,2.708050201,2.63905733,0
74054016,-0.291638166,8.589141691,4.521788577,2.708050201,5.170483995,3.044522438,4.007333185,4.941642423,0
70772023,1.455450468,12.04077928,5.942799375,4.890349128,7.291656209,4.852030264,5.693732139,7.151485464,0
455110586,0.408362288,7.660585462,0.693147181,2.197224577,3.258096538,1.791759469,1.609437912,4.219507705,0
78340102,-2.226622623,7.399398083,1.609437912,2.302585093,3.663561646,3.33220451,2.995732274,3.850147602,0
78967665,-0.102881996,6.717804695,0.693147181,1.386294361,2.397895273,1.386294361,1.386294361,3.044522438,0
542517829,1.348545523,8.898911906,0.693147181,2.197224577,4.700480366,2.890371758,2.079441542,5.525452939,0
90464844,2.598703609,13.98182214,8.957639268,7.713784617,9.703755305,8.311152548,10.42963519,10.38810266,0
85395869,-1.344884193,10.23527024,4.189654742,4.787491743,6.874198495,5.043425117,5.993961427,6.766191715,0
91547954,-0.110801467,6.744059186,1.098612289,1.098612289,2.890371758,2.944438979,2.708050201,3.663561646,0
59577224,-1.621734161,12.71556738,6.773080376,6.120297419,9.151863442,7.924072325,7.277247727,9.141097469,0
57549091,0.009218749,7.541152455,1.098612289,1.098612289,4.219507705,2.302585093,1.945910149,4.025351691,0
96387856,-0.555576585,8.098034756,0,0,4.584967479,1.945910149,2.197224577,3.970291914,0
55576689,0.090924154,9.255887187,3.401197382,3.970291914,5.983936281,3.737669618,2.079441542,5.645446898,0
91577078,1.440096712,7.712443834,2.079441542,3.496507561,4.65396035,3.433987204,3.80666249,4.510859507,0
98680920,1.538468525,7.856319571,1.386294361,1.386294361,3.218875825,2.564949357,1.098612289,3.401197382,0
710556152,1.84949505,7.966933498,0.693147181,1.791759469,2.564949357,1.386294361,1.098612289,3.465735903,0
668814131,-0.317003504,6.461468176,1.098612289,1.386294361,2.302585093,0.693147181,1.609437912,2.772588722,0
88771443,-1.796003212,11.17296716,4.094344562,5.446737372,5.913503006,2.995732274,6.595780514,6.563855527,0
83934598,-0.699839149,8.679992082,1.609437912,2.890371758,4.356708827,2.708050201,2.48490665,5.023880521,0
55746366,1.046410782,7.783640596,2.302585093,3.931825633,3.17805383,2.079441542,3.912023005,3.526360525,0
455139134,-0.034401052,9.494616651,4.624972813,4.65396035,4.510859507,1.609437912,2.833213344,5.347107531,0
53735811,0.086405561,8.862625169,4.317488114,2.995732274,4.189654742,2.302585093,2.197224577,3.583518938,0
60045605,0.761137613,10.5503028,6.304448802,4.584967479,5.105945474,2.890371758,2.302585093,5.170483995,0
81770467,-0.389015189,7.544332108,0,1.098612289,3.33220451,1.791759469,2.833213344,3.555348061,0
89956843,1.702918247,6.679599186,0.693147181,1.098612289,2.48490665,1.098612289,1.609437912,4.127134385,0
92347049,0.92015877,7.840706452,2.397895273,3.737669618,2.63905733,2.079441542,2.564949357,5.129898715,0
85954742,0.274222439,10.14780534,2.944438979,4.356708827,5.645446898,4.127134385,5.099866428,5.860786223,0
80117138,-0.328914343,7.681560363,0.693147181,0,2.772588722,1.098612289,2.890371758,3.258096538,0
328083492,-1.014006824,10.73441646,5.323009979,4.553876892,7.044032897,5.66296048,5.093750201,7.055312843,0
370768227,-0.019364047,12.0443534,5.799092654,5.062595033,6.854354502,5.616771098,5.252273428,7.586296307,0
88257445,-1.619521667,6.80682936,1.386294361,2.197224577,2.833213344,1.791759469,2.833213344,2.995732274,0
87574961,0.810354505,8.528924114,1.098612289,3.891820298,3.36729583,3.850147602,2.890371758,4.691347882,0
39837688,-1.526241735,9.636522722,2.48490665,4.060443011,6.410174882,4.290459441,4.304065093,5.620400866,0
327676137,0.32334591,11.47147828,6.966024187,5.587248658,7.99530662,6.72982407,5.049856007,7.482118924,0
79059923,0.64044107,7.420578905,0,1.609437912,3.17805383,1.386294361,0.693147181,2.944438979,0
200913612,-0.195539987,12.34358859,5.017279837,4.158883083,7.740229525,4.770684624,6.150602768,8.127404563,0
540204136,0.645253799,6.306275287,0.693147181,0.693147181,1.791759469,0.693147181,0.693147181,3.044522438,0
329083349,-0.109079384,7.921535632,0,0.693147181,2.833213344,1.098612289,0.693147181,3.135494216,0
625538108,0.049442667,13.76830888,8.607947555,7.667158255,9.932463661,8.494333897,8.998136761,10.34106483,0
669122252,0.982893381,8.664405571,5.356586275,5.159055299,5.85220248,6.887552572,3.295836866,7.445417557,0
83182525,0.856578241,9.656243401,2.833213344,3.761200116,6.063785209,4.442651256,4.934473933,6.853299093,0
77022147,-0.238215038,6.498282149,1.386294361,2.197224577,2.397895273,1.609437912,0,3.218875825,0
73395912,1.24882235,9.190545745,0.693147181,1.386294361,5.062595033,2.944438979,2.995732274,4.394449155,0
667654513,1.348489193,11.23182171,5.365976015,5.105945474,7.881937489,6.21860012,6.921658184,7.469654173,0
81617242,-0.228265475,7.163946684,1.098612289,1.791759469,2.63905733,0,0,3.526360525,0
92970133,-1.007977038,8.459775921,1.386294361,2.708050201,4.406719247,4.369447852,4.795790546,4.859812404,0
81650900,1.127281508,7.439559309,0,1.945910149,2.890371758,2.397895273,2.890371758,3.526360525,0
839803885,1.419565471,8.365439636,1.945910149,1.791759469,3.891820298,1.098612289,1.386294361,5.313205979,0
78296242,-0.371686144,7.217443432,0,1.945910149,4.077537444,3.091042453,3.044522438,4.234106505,0
55595439,-0.194635751,8.014004995,1.791759469,3.433987204,3.258096538,1.609437912,1.386294361,4.110873864,0
68884560,1.670402354,8.111328003,0.693147181,1.098612289,3.465735903,1.945910149,2.833213344,3.526360525,0
45240484,0.134180447,7.808729307,1.098612289,2.079441542,2.833213344,0.693147181,0,3.583518938,0
456290243,0.763894906,8.625688788,2.833213344,3.583518938,4.025351691,2.397895273,3.135494216,5.616771098,0
68421247,0.943711842,8.05610966,1.386294361,2.772588722,2.833213344,1.945910149,1.945910149,4.007333185,0
498817421,-0.09779844,8.370779173,3.135494216,2.708050201,4.060443011,3.688879454,2.772588722,4.890349128,0
498320552,2.006559926,10.49982092,4.605170186,5.509388337,5.081404365,3.33220451,3.555348061,6.126869184,0
93328460,-0.335730527,9.179571838,4.48863637,3.33220451,4.382026635,1.609437912,5.068904202,4.356708827,0
84822686,1.414122847,6.597145702,1.386294361,1.945910149,1.098612289,1.945910149,1.609437912,2.772588722,0
61212032,-0.206377323,6.852242569,1.386294361,2.197224577,3.713572067,2.708050201,2.197224577,4.17438727,0
88473254,0.500418503,11.34761441,3.401197382,2.944438979,6.878326468,3.912023005,4.700480366,7.114769448,0
66798146,1.697350198,7.080867897,0,1.098612289,3.36729583,1.386294361,2.079441542,3.33220451,0
412503547,-2.737887441,10.72053237,3.295836866,4.804021045,7.576097341,5.446737372,5.442417711,7.399398083,0
242563401,1.752101656,7.151485464,0,2.079441542,3.465735903,2.772588722,0.693147181,4.094344562,0
53644739,1.385229266,8.300031712,1.386294361,2.302585093,4.143134726,2.48490665,2.302585093,3.433987204,0
60810621,0.073635623,7.912423121,2.197224577,3.663561646,4.584967479,4.204692619,3.737669618,4.317488114,0
84017059,-0.667950377,7.569411792,1.098612289,1.386294361,4.043051268,2.397895273,3.044522438,4.248495242,0
97822066,0.574451956,6.821107472,0,2.772588722,3.80666249,2.708050201,1.945910149,4.17438727,0
98978666,-0.676918747,8.797397374,3.218875825,3.044522438,4.700480366,2.197224577,1.791759469,4.605170186,0
840214074,-0.484040512,9.160414563,2.564949357,2.079441542,4.882801923,2.944438979,3.091042453,4.624972813,0
457863369,0.069917301,9.429154565,1.609437912,3.258096538,3.218875825,0,1.098612289,4.553876892,0
89617087,-0.488195783,11.87402759,6.340359304,5.863631176,8.048788284,7.018401799,7.580189418,8.180600948,0
82821248,0.3747087,6.821107472,0.693147181,0.693147181,3.828641396,2.833213344,1.609437912,3.737669618,0
82610365,-0.411200251,6.932447892,1.386294361,1.098612289,2.48490665,1.791759469,0,3.135494216,0
86600847,-0.837014703,10.18998142,3.218875825,3.737669618,6.320768294,4.290459441,4.770684624,5.916202063,0
711386875,1.837027572,8.996775795,0,0.693147181,4.510859507,1.098612289,2.564949357,4.276666119,0
86558903,-0.057782082,7.261225092,1.609437912,0.693147181,3.091042453,1.945910149,2.708050201,3.091042453,0
82582660,-1.143265682,7.074963198,0,3.951243719,0.693147181,1.386294361,2.302585093,2.63905733,0
55766870,1.445313462,9.469545806,3.433987204,3.912023005,5.891644212,4.65396035,4.234106505,6.021023349,0
75890109,-0.021531218,8.404472321,3.737669618,2.397895273,5.796057751,3.784189634,3.555348061,5.370638028,0
80408134,0.145787716,7.828038032,1.386294361,2.302585093,3.988984047,2.397895273,2.397895273,3.737669618,0
88313384,1.032216227,6.66057515,1.386294361,0,2.48490665,1.098612289,1.098612289,3.218875825,0
60053028,0.723057187,8.496582238,2.197224577,3.258096538,5.97126184,4.955827058,3.526360525,5.420534999,0
78449431,-1.298050542,6.932447892,0,0,2.890371758,1.945910149,0,3.091042453,0
81383593,-0.146050603,8.927977461,3.401197382,1.098612289,4.043051268,3.401197382,2.48490665,4.744932128,0
84849756,-1.230388183,7.355641103,1.791759469,2.079441542,4.060443011,2.995732274,0.693147181,4.158883083,0
710588472,-0.875829543,7.303843225,1.098612289,1.945910149,2.302585093,1.386294361,1.098612289,4.025351691,0
82115982,1.553660922,10.36160836,4.276666119,3.663561646,6.720220155,4.234106505,3.496507561,5.910796644,0
627765509,0.685833455,9.262648152,1.609437912,2.302585093,4.727387819,3.36729583,3.135494216,5.056245805,0
33107526,1.012823791,8.334471555,2.890371758,1.791759469,4.912654886,3.091042453,3.433987204,4.33073334,0
710662193,0.291426614,7.381501895,0.693147181,1.098612289,2.772588722,0,0.693147181,3.295836866,0
78081045,0.335083598,8.193400232,1.386294361,3.912023005,5.017279837,2.890371758,3.850147602,4.934473933,0
285693780,0.001514053,8.478660242,2.48490665,2.48490665,3.258096538,0,3.465735903,3.583518938,0
53224306,1.57759415,8.111027838,2.079441542,3.218875825,2.079441542,1.098612289,0,2.63905733,0
65505971,0.144294838,9.657139344,2.995732274,2.302585093,4.844187086,2.944438979,3.295836866,4.718498871,0
97477083,-0.035512109,6.817830571,2.302585093,1.386294361,2.995732274,1.386294361,1.609437912,3.496507561,0
78075397,-0.619076643,7.485491608,1.609437912,2.944438979,3.871201011,2.197224577,1.098612289,3.871201011,0
100033121,0.863129702,6.675823222,0,1.945910149,2.564949357,0.693147181,2.079441542,2.772588722,0
70921675,2.525068627,6.620073207,0,1.386294361,3.044522438,2.302585093,1.791759469,2.833213344,0
71667084,-2.436136187,8.089482474,0,1.609437912,4.828313737,3.63758616,3.663561646,4.317488114,0
96735759,0.069169197,8.282230063,0.693147181,1.945910149,3.713572067,3.295836866,2.197224577,4.682131227,0
99776954,2.533405437,11.71392974,3.36729583,4.094344562,7.921172722,6.572282543,5.587248658,7.655390645,0
82354949,0.943904972,7.294377299,0,1.945910149,3.044522438,2.079441542,1.609437912,3.091042453,0
753340208,-1.498301599,9.835850904,3.828641396,4.007333185,5.323009979,4.060443011,3.135494216,6.29156914,0
839950285,-0.767465434,6.768493212,0,1.945910149,3.135494216,2.890371758,1.791759469,3.526360525,0
98423359,1.710338241,6.075346031,0,2.197224577,1.791759469,0,0,2.944438979,0
77393705,-0.235057239,6.09356977,0,2.397895273,1.945910149,2.995732274,2.48490665,3.044522438,0
711824886,-0.725687036,13.3620997,9.507329004,8.674880467,7.944137491,5.880532986,8.129764446,8.911799556,0
584368302,-0.56872113,10.68125158,3.33220451,4.219507705,7.855157006,6.068425588,5.823045895,7.596392304,0
200206929,0.866187605,7.438971592,0,0,3.258096538,1.386294361,1.386294361,2.708050201,0
87109676,-0.857884478,8.062432792,0,2.48490665,2.890371758,1.945910149,2.197224577,4.276666119,0
71445196,1.916338823,9.482959567,3.401197382,5.429345629,4.859812404,3.33220451,4.553876892,5.056245805,0
329283578,1.482029393,8.248267447,1.791759469,3.044522438,4.553876892,3.258096538,2.833213344,5.247024072,0
371355574,0.047823809,6.593044534,3.17805383,2.708050201,3.17805383,2.48490665,2.302585093,2.833213344,0
97279162,-0.453727864,7.643003636,1.609437912,2.197224577,3.931825633,2.302585093,3.401197382,3.761200116,0
285097628,0.800489853,7.319202459,0,1.386294361,3.555348061,2.48490665,1.791759469,3.688879454,0
98344735,-0.65994211,7.288927695,0,0.693147181,3.761200116,1.609437912,3.496507561,3.401197382,0
285510491,1.698714323,6.852242569,0.693147181,2.079441542,3.33220451,2.079441542,1.609437912,4.043051268,0
80775588,1.232200896,8.191740021,0,1.609437912,4.077537444,0.693147181,2.772588722,3.663561646,0
414475196,-0.550625112,7.422373701,0,2.564949357,4.17438727,3.044522438,2.48490665,4.553876892,0
87646136,1.005169597,7.571473649,1.609437912,2.397895273,3.583518938,1.386294361,2.890371758,3.36729583,0
78441237,1.962695752,8.327242607,4.736198448,2.772588722,5.680172609,2.833213344,3.526360525,4.976733742,0
87154466,-0.756421463,8.041091004,1.609437912,1.386294361,2.995732274,2.302585093,2.48490665,3.496507561,0
94678797,0.574748867,10.22008502,4.86753445,3.850147602,7.474772182,5.613128106,4.025351691,6.668228248,0
456214556,-0.01137798,7.470793774,3.044522438,3.044522438,4.564348191,3.737669618,2.48490665,4.859812404,0
94582585,0.215805937,7.22329568,0.693147181,2.397895273,4.127134385,3.044522438,2.944438979,4.060443011,0
71399563,1.404590623,7.018401799,0,2.397895273,3.713572067,2.197224577,0,4.060443011,0
93599575,1.592528485,7.69802917,0,1.791759469,4.584967479,2.48490665,1.791759469,4.59511985,0
288173068,0.038608476,9.429234909,0,2.397895273,5.049856007,3.33220451,4.276666119,4.919980926,0
71649945,0.058054744,8.203030242,2.708050201,3.610917913,4.356708827,2.63905733,1.945910149,5.370638028,0
201194673,0.110505281,6.968850378,1.386294361,2.079441542,3.80666249,2.708050201,2.197224577,3.784189634,0
57499323,1.331982341,10.98063784,4.356708827,4.919980926,6.519147288,3.737669618,4.043051268,6.148468296,0
543026844,-0.287671494,8.392763113,1.098612289,3.761200116,5.720311777,5.451038454,3.583518938,5.918893854,0
86836214,-0.831942246,7.19142933,1.098612289,2.833213344,2.995732274,1.945910149,2.944438979,3.713572067,0
71868598,-1.747369782,6.684611728,2.079441542,0,2.708050201,3.295836866,3.17805383,3.295836866,0
245432470,-1.473374968,10.84986122,4.644390899,4.770684624,5.147494477,2.833213344,5.093750201,6.089044875,0
244023444,-0.511794732,9.090993614,0.693147181,3.218875825,6.008813185,4.718498871,4.143134726,6.156978986,0
82404430,-0.122253343,9.364433907,2.48490665,3.295836866,5.484796933,4.532599493,5.918893854,4.804021045,0
63352221,1.545630457,8.08085642,0.693147181,2.63905733,3.912023005,3.218875825,0.693147181,4.955827058,0
626359642,-0.650746201,6.411818268,0.693147181,1.791759469,2.564949357,0,1.098612289,2.079441542,0
63582933,-0.965612032,7.696667082,1.945910149,0.693147181,3.761200116,1.386294361,2.197224577,3.465735903,0
796122693,0.918410604,8.166216269,2.302585093,2.708050201,4.852030264,2.48490665,2.708050201,4.430816799,0
60740368,-1.32783208,7.569411792,1.386294361,1.098612289,1.945910149,0,4.025351691,2.944438979,0
841108260,0.089577234,11.79029201,7.153833802,6.514712691,8.307459327,7.356279877,7.547501683,8.339023006,0
84516921,-0.855811652,6.429719478,0,1.386294361,2.708050201,1.945910149,3.044522438,2.995732274,0
754278278,-0.087739547,9.039196116,1.098612289,4.644390899,5.062595033,3.33220451,3.33220451,5.257495372,0
80322719,0.767392348,7.493873887,2.772588722,2.397895273,3.970291914,3.091042453,0,4.644390899,0
54901022,0.793214151,8.915835074,2.944438979,2.890371758,5.379897354,4.219507705,2.772588722,5.598421959,0
97575340,0.417488825,9.314430081,1.098612289,1.791759469,4.86753445,3.663561646,0,5.192956851,0
96868791,1.282900493,8.208491752,0,2.564949357,3.63758616,2.397895273,0.693147181,3.828641396,0
670089738,-0.011502849,9.070848393,2.302585093,3.583518938,3.737669618,4.304065093,2.197224577,6.308098442,0
968261062,-0.675325973,9.946115915,3.663561646,4.49980967,5.525452939,3.828641396,4.912654886,7.02464903,0
61547542,1.346089766,8.151621647,3.091042453,3.433987204,2.890371758,3.63758616,0,4.927253685,0
90099929,-0.11825476,10.38982579,3.931825633,4.110873864,6.532334292,4.836281907,5.433722004,6.548219103,0
455580328,0.703935578,6.350885717,0,0,2.397895273,0.693147181,2.63905733,1.791759469,0
925846735,1.966408524,11.2830342,3.761200116,4.007333185,8.130353547,6.091309882,4.997212274,7.232733136,0
87609505,-0.12555266,6.12905021,0.693147181,0.693147181,2.302585093,0,0,1.386294361,0
99191092,0.063419672,7.344072851,2.833213344,2.63905733,2.708050201,2.197224577,1.609437912,3.496507561,0
498588775,1.344164008,7.614312146,1.098612289,2.564949357,2.995732274,1.609437912,1.791759469,4.574710979,0
86412927,-0.431259765,7.057036982,2.079441542,1.386294361,3.33220451,2.564949357,2.302585093,3.583518938,0
71806727,-1.673689847,6.469250317,0,1.609437912,2.772588722,2.302585093,1.386294361,2.772588722,0
66010055,1.182028525,6.941190055,1.791759469,1.609437912,1.386294361,1.386294361,1.609437912,2.63905733,0
795531039,0.251110571,7.026426809,0,1.609437912,2.564949357,1.386294361,0.693147181,3.761200116,0
90233433,1.191513021,9.080801001,2.302585093,1.945910149,4.727387819,3.091042453,3.401197382,4.682131227,0
52045797,0.407138571,7.713337889,1.098612289,1.791759469,3.17805383,0.693147181,2.397895273,2.995732274,0
54007738,0.2838984,7.571473649,0.693147181,1.386294361,3.63758616,2.48490665,3.135494216,3.555348061,0
90550636,-0.966202524,8.696343057,3.784189634,3.970291914,4.852030264,3.850147602,4.521788577,4.820281566,0
48688363,0.464547796,6.807934944,0,1.609437912,3.218875825,1.098612289,1.791759469,3.135494216,0
90952499,-0.321957751,7.221105098,1.098612289,1.945910149,3.258096538,2.302585093,1.386294361,3.988984047,0
456411960,-0.294752955,7.091742115,0,1.386294361,4.234106505,2.197224577,1.791759469,4.276666119,0
81645000,0.060667004,7.022868086,1.609437912,2.63905733,3.135494216,2.397895273,3.17805383,4.043051268,0
243382544,0.025494454,6.606650186,1.609437912,1.386294361,3.496507561,2.890371758,1.386294361,3.401197382,0
66122797,0.32283811,8.512381634,3.36729583,1.945910149,4.770684624,3.17805383,2.63905733,4.465908119,0
89042564,1.009734254,6.244166901,0,1.386294361,2.48490665,1.609437912,1.791759469,2.397895273,0
96907553,-0.068734482,7.550661243,2.772588722,2.890371758,4.890349128,3.737669618,3.401197382,4.430816799,0
285392119,1.563520025,6.90475077,0,1.609437912,2.995732274,0.693147181,1.609437912,2.302585093,0