aid,distance,view,danmaku,reply,favorite,coin,share,like,dislike,duration,follower,following,type,clarity,shelf_time,ae
499307836,-0.243028516,10.46378882,7.148345744,6.230481448,5.062595033,6.363028104,3.663561646,7.281385664,0,1696.4,11.3054707,95,1,5,796,1.863532866
96509904,0.113930552,7.828834528,3.433987204,2.772588722,3.465735903,3.761200116,0.693147181,4.890349128,0,94.7,6.883462586,15,1,5,0,1.774829894
96590403,-1.646948535,11.2431488,6.098074282,5.978885765,6.563855527,7.896924656,6.447305863,8.726967775,0,319.5,12.39319101,16,1,5,957,2.20663172
287520037,0.03792366,7.249925537,1.791759469,1.098612289,3.871201011,1.609437912,0,4.248495242,0,900.1,12.81969219,90,1,4,733,1.872630082
842169980,-0.222423215,12.24174862,5.910796644,7.136483209,7.183111702,5.799092654,6.054439346,9.350537002,0,70.5,12.79868653,259,1,2,769,2.789255857
414554297,-0.036015078,7.798112629,4.890349128,3.295836866,3.295836866,3.663561646,1.098612289,5.017279837,0,561.1,9.154193211,20,1,5,770,1.779602818
287417028,0.593773754,12.13817917,7.689828669,6.953684211,7.515889085,8.17159948,6.929516771,9.564091044,0,16.6,10.8300256,7,1,4,750,2.115344688
498609030,-1.084942445,11.51595088,5.940171253,5.501258211,4.795790546,5.308267697,4.189654742,7.887208586,0,203.1,11.89870474,5,1,5,860,2.120134799
90663682,1.114637715,11.77247809,7.063048163,6.086774727,9.327500992,8.215817792,7.118016204,9.493788494,0,191,5.023880521,133,1,5,980,2.515818346
201797090,-1.218262031,12.4292722,7.955074273,7.440146681,8.850087607,7.985143931,7.487173694,9.14825218,0,251.2,9.481206851,150,1,5,795,2.645588022
98018769,-0.018524712,13.33220931,5.613128106,5.874930731,7.432483808,5.164785974,5.880532986,9.361085259,0,11.7,9.590487672,0,1,5,951,1.83845716
455712180,-0.927553987,12.20087918,5.627621114,5.686975356,6.455198563,3.784189634,5.484796933,8.15564927,0,299.6,11.06504334,1,1,5,892,2.590484929
841069546,0.631866363,12.40274901,5.866468057,5.493061443,7.864035659,7.972466016,5.897153868,9.27967985,0,191.2,6.995766156,263,1,2,862,2.277110273
371196456,0.039877251,10.09724349,5.231108617,4.510859507,3.465735903,3.044522438,0.693147181,5.789960171,0,1523.8,7.952966791,423,1,3,855,2.466813099
95089453,-2.187206457,7.286876412,0.693147181,1.791759469,1.945910149,2.48490665,1.098612289,3.737669618,0,184,6.91770561,685,1,3,962,1.671896212
327926798,-1.229751006,7.614312146,2.48490665,3.761200116,3.784189634,4.682131227,2.397895273,5.641907071,0,123.9,10.92334519,235,1,5,913,2.749755442
668515080,3.296640483,9.199683792,0,1.945910149,4.219507705,0,0.693147181,3.044522438,0,13.1,5.855071922,21,1,3,863,1.953358889
91788495,0.406607396,7.244227516,0.693147181,2.197224577,2.302585093,1.098612289,1.098612289,3.688879454,0,190.1,10.36753598,16,1,3,976,2.686742544
98285653,1.850067548,7.580699752,1.386294361,4.143134726,3.433987204,4.262679877,2.079441542,5.017279837,0,57.8,5.937536205,253,1,3,950,2.262903824
97660926,0.653033429,12.44832839,7.718685495,7.279318835,6.284134161,4.110873864,7.649692624,8.372860821,0,93.8,8.386172929,1,1,3,953,2.262122411
201935252,-1.251267826,9.822819649,5.513428746,4.9698133,5.283203729,7.499423291,3.465735903,8.13973228,0,196,11.75556571,68,1,5,792,2.679995088
668262978,0.467841764,6.274762021,0,1.386294361,1.609437912,0,1.098612289,2.302585093,0,102.1,4.770684624,325,1,4,888,2.605989516
99738635,-0.042345406,8.027476531,2.302585093,2.63905733,3.951243719,3.295836866,3.433987204,5.105945474,0,174.2,10.61314764,1,1,5,944,2.967783436
710308919,-1.305825731,7.54802897,1.098612289,1.098612289,3.044522438,1.098612289,0,4.007333185,0,331.2,12.81969219,90,1,3,919,1.747614063
89268118,-0.308935179,9.638675294,3.663561646,5.805134969,1.945910149,1.098612289,1.609437912,3.401197382,0,20.1,5.488937726,19,1,5,986,3.007354215
203332642,-0.247111115,9.422139822,4.955827058,4.204692619,4.844187086,5.393627546,2.890371758,6.541029999,0,1157.2,11.60129342,37,1,5,673,2.021777871
712894333,1.303108761,10.89187567,6.408528791,5.497168225,6.315358002,7.054449658,3.761200116,7.756623335,0,1553.7,11.98914722,83,1,5,703,2.417769069
669980879,3.397653638,8.927181388,0.693147181,3.555348061,2.708050201,2.079441542,0.693147181,3.891820298,0,46.5,3.401197382,508,1,5,0,2.66620855
98316913,1.171045232,12.59022559,7.732369222,7.105786129,7.498869734,4.795790546,6.426488457,8.547722396,0,296.2,7.126890809,66,1,3,950,2.391571626
752786270,1.2252049,7.44132039,2.772588722,3.17805383,3.17805383,3.663561646,1.386294361,4.043051268,0,1734.5,6.735780014,26,1,3,921,2.645747855
542092617,2.378754289,8.941807118,3.63758616,3.17805383,2.48490665,0,3.713572067,3.970291914,0,160.4,8.025516386,136,1,5,0,1.980493434
202534372,2.351948943,6.045005314,1.945910149,2.197224577,2.63905733,3.526360525,1.098612289,4.043051268,0,368.2,6.98471632,324,1,5,737,2.673040926
752915301,0.42009079,11.26960472,5.620400866,5.505331536,5.332718793,5.783825182,3.135494216,8.568456485,0,157.2,11.99875323,124,1,5,916,2.562450662
329002694,-0.161309438,9.71938441,1.791759469,3.583518938,5.030437921,3.912023005,5.153291594,5.411646052,0,24.3,2.302585093,206,1,5,0,2.72851707
582784492,-0.809002669,9.224637677,4.770684624,3.044522438,3.663561646,4.521788577,2.302585093,6.052089169,0,451.9,14.06125595,344,1,5,915,2.791645759
668487525,0.422552402,10.9901622,6.361302478,5.257495372,6.638567789,6.091309882,3.828641396,7.674617497,0,590.6,12.42360448,110,1,5,868,1.930057722
414904355,0.215953289,12.4359455,6.161207322,5.609471795,7.983440063,6.609349243,6.436150368,8.648046,0,689.5,11.62755687,93,1,5,748,2.473697572
796414117,0.597560344,11.11460974,4.804021045,5.342334252,5.758901774,6.881411304,4.077537444,7.763446389,0,127.4,12.48056689,10,1,5,829,2.477318995
413710380,-1.56716749,6.811244379,0,2.079441542,1.386294361,2.63905733,1.791759469,3.433987204,0,329.6,6.11146734,7,1,6,852,2.804245502
90948044,-1.188142486,9.106201332,4.836281907,4.127134385,4.744932128,5.953243334,4.532599493,6.768493212,0,503,10.93226733,0,1,5,979,2.534762355
200414666,-0.936388295,13.7154272,5.826000107,5.010635294,7.427738841,6.013715156,4.844187086,9.29173601,0,253.9,6.568077911,59,1,5,918,2.375743054
626303287,-2.614761711,9.088398701,1.791759469,3.688879454,3.80666249,2.890371758,1.609437912,5.424950017,0,225.3,3.17805383,196,1,3,837,1.769821934
373274290,1.104202109,11.0455424,1.386294361,3.526360525,4.418840608,2.890371758,1.945910149,8.086102536,0,25.8,8.35443894,2,1,5,672,2.748630747
244264039,0.291806049,13.42861055,7.118826249,7.518607217,9.161465204,8.008032847,7.602401336,9.741850587,0,291.9,6.799055862,4,1,2,796,2.278720081
670328983,2.043911691,6.775366091,0,2.079441542,1.945910149,2.079441542,0,3.091042453,0,993.1,4.682131227,1215,1,5,708,2.441074595
883839067,0.009059457,14.60827907,8.766861822,7.28756064,9.368454615,9.23931648,8.483429561,11.69323667,0,170.3,14.16289871,104,1,5,0,2.621416353
372570956,0.058547158,10.29495515,4.955827058,3.80666249,6.970730078,6.424869024,5.860786223,7.648739789,0,255.5,10.23501903,380,1,6,735,2.410598379
712770727,-1.643174382,14.13763681,5.616771098,6.825460036,8.317766167,5.105945474,6.502790046,10.0794137,0,22.4,12.14016786,10,1,2,707,2.802269787
288300237,-0.443208369,9.518045636,1.945910149,3.36729583,6.222576268,3.091042453,3.36729583,5.846438775,0,197.5,9.073145133,431,1,2,673,2.810524598
498621529,-0.628539468,6.930494766,0,2.995732274,3.044522438,2.302585093,0.693147181,4.043051268,0,18.9,2.564949357,6,1,3,864,2.380494863
712981958,0.798697289,8.213110698,3.044522438,2.397895273,0,1.791759469,1.609437912,7.186144305,0,191.7,10.79955517,54,1,5,704,2.50358513
711405840,2.465659685,11.52522946,2.48490665,4.709530201,5.866468057,1.945910149,2.944438979,7.282073658,0,67.7,3.688879454,13,1,3,832,1.938971139
753126000,-0.914216698,8.490643856,1.609437912,2.564949357,6.311734809,4.418840608,4.234106505,4.672828834,0,140,7.695303135,198,1,3,891,2.127204895
372183739,0.111841044,12.73609483,5.811140993,6.579251212,7.427144133,6.613384218,6.871091295,9.074864232,0,76.6,11.37416902,26,1,5,764,2.12268648
96852136,-0.952943319,8.259199363,1.386294361,2.079441542,2.302585093,1.386294361,2.397895273,3.36729583,0,30.2,7.084226422,35,1,5,955,2.788516425
201525180,-1.093956849,8.189522111,3.044522438,4.394449155,2.944438979,2.995732274,3.258096538,6.167516491,0,70.1,12.18032398,7,1,5,824,2.044086821
372609288,-1.553612193,11.33227851,3.688879454,4.127134385,4.624972813,2.995732274,2.772588722,7.6666902,0,23.9,12.32862208,135,1,5,732,2.887350023
582805438,-0.586464157,13.68187973,7.363279587,8.048149102,8.71505996,9.559446746,8.441391478,10.7288027,0,65.7,11.91096977,0,1,5,923,2.621033326
286176751,-0.269344818,14.40424233,6.107022888,6.704414355,8.217978203,8.481980436,6.527957918,11.11056553,0,14.7,9.063463176,135,1,5,853,2.777394146
245434261,-2.231343138,6.559615237,0.693147181,2.302585093,1.098612289,1.791759469,0.693147181,2.772588722,0,179.7,5.855071922,9,1,3,703,2.114274412
753705015,1.113193752,10.77853954,3.850147602,3.761200116,3.688879454,1.791759469,3.951243719,4.859812404,0,230.6,7.408530567,515,1,5,0,2.094558097
969657712,0.544470459,11.64290054,3.663561646,4.394449155,5.298317367,3.784189634,3.610917913,7.122059882,0,74.1,8.65538869,9,1,4,764,2.970860109
837949169,-0.953077478,11.05995986,1.945910149,3.044522438,4.976733742,1.098612289,2.63905733,5.707110265,0,190.3,6.263398263,29,1,3,914,1.863934427
287866535,1.434213489,6.383506635,1.098612289,0.693147181,2.197224577,3.044522438,1.945910149,3.091042453,0,392.6,2.564949357,399,1,5,707,2.792528063
668607529,0.794661225,10.15634523,5.645446898,4.521788577,5.991464547,6.635946556,3.17805383,7.220373837,0,587.6,9.462498888,23,1,5,866,2.168651514
92340912,0.617059321,8.252185436,2.890371758,3.044522438,4.158883083,2.890371758,1.098612289,5.351858133,0,340.3,10.11500377,69,1,3,974,2.35286212
499646397,1.678623375,8.916640227,1.098612289,4.094344562,5.521460918,4.094344562,2.564949357,4.905274778,0,562.7,6.033086222,510,1,3,770,1.846379839
89527376,0.989089484,8.82834762,0.693147181,2.48490665,3.218875825,1.386294361,3.258096538,2.63905733,0,293.7,4.836281907,12,1,5,985,2.299537882
841411914,-0.25397741,12.16571409,6.376726948,6.22059017,6.09356977,8.419359831,5.537334267,9.598048758,0,256.4,11.76644302,5,1,5,834,2.079025044
669281512,-0.242807035,9.846229134,4.234106505,4.532599493,5.424950017,5.525452939,4.290459441,6.440946541,0,218.2,12.44016009,45,1,5,0,2.739391066
413938877,-1.019683468,8.127995056,1.386294361,1.945910149,3.737669618,2.63905733,0.693147181,5.379897354,0,109.2,9.342595951,0,1,3,830,2.628814355
371052529,0.423384761,9.244935017,4.477336814,2.890371758,4.736198448,4.418840608,1.945910149,5.869296913,0,1028.2,11.31968046,0,1,4,860,2.026965935
95026845,1.093179244,7.744136628,2.48490665,1.609437912,1.791759469,2.890371758,1.386294361,4.317488114,0,299.7,9.142168592,13,1,5,962,1.883118331
415107833,0.826663333,8.592486175,2.48490665,3.583518938,5.613128106,3.80666249,2.63905733,5.96100534,0,180.9,5.564520407,45,1,5,734,2.913075536
285274171,1.385158915,8.387084506,2.833213344,4.219507705,3.258096538,3.583518938,2.197224577,4.890349128,0,631.1,10.35806023,589,1,5,923,2.64723511
91730920,-0.059719702,12.06705767,3.17805383,4.33073334,5.225746674,4.007333185,3.555348061,8.362875831,0,64.2,13.04384817,25,1,5,976,2.523834251
582971111,-0.260937293,8.593783794,3.526360525,2.302585093,0,1.791759469,0.693147181,4.812184355,0,334.2,10.42987152,4,1,5,916,1.739465378
711437708,0.316121924,7.590852124,1.945910149,3.496507561,4.127134385,3.931825633,2.708050201,4.836281907,0,1212.2,8.27512163,552,1,5,829,2.180733807
96403685,-0.747194483,10.07516937,5.308267697,4.672828834,4.605170186,5.433722004,2.708050201,7.638679824,0,126.7,11.17253155,158,1,5,958,2.190465707
626447833,1.952940082,9.087042156,3.36729583,4.007333185,4.828313737,4.86753445,3.555348061,6.556778356,0,450.1,9.453600227,34,1,5,824,2.813458294
97514774,0.245843153,8.169619562,3.761200116,1.945910149,3.555348061,3.401197382,2.772588722,4.262679877,0,2027.5,6.045005314,12,1,4,953,2.273270026
200397712,-0.606149297,8.832733592,4.700480366,3.970291914,3.610917913,3.761200116,2.079441542,5.241747015,0,823.2,10.35923378,181,1,5,916,1.712714039
91752064,1.681370612,6.480044562,1.791759469,2.944438979,1.609437912,2.708050201,0,3.135494216,0,463.5,6.900730664,22,1,5,976,2.237320758
500476746,2.559431289,13.8641188,2.48490665,5.929589143,8.627123251,8.781401908,6.320768294,10.36715867,0,107.4,9.813398718,24,1,5,704,2.540717863
625692220,-0.088550994,9.447150114,2.833213344,1.386294361,4.521788577,2.564949357,2.079441542,4.454347296,0,259.3,9.17668017,27,1,5,891,2.868278295
92644541,-1.055116419,6.490723535,1.386294361,0,2.197224577,0,0,2.564949357,0,7073.3,8.751157981,1318,1,2,958,2.561393589
98978787,-0.482027695,7.482681828,0,2.397895273,3.33220451,2.890371758,0.693147181,3.761200116,0,666.6,7.079184395,470,1,4,948,1.746129148
200346723,1.110416367,9.134322886,3.871201011,5.384495063,3.258096538,4.369447852,1.609437912,6.501289671,0,95.6,11.74510011,15,1,5,922,1.799166925
843270535,-1.37126047,10.41622135,6.118097198,5.537334267,5.298317367,7.136483209,4.672828834,8.123557835,0,516.5,11.70353756,97,1,5,674,1.678184681
712065259,-1.254442223,8.839131753,2.995732274,2.890371758,4.343805422,3.36729583,3.17805383,5.267858159,0,114.2,9.952134849,17,1,5,774,2.568932042
582898453,2.201657364,8.233237501,0.693147181,3.526360525,2.302585093,3.135494216,1.098612289,3.970291914,0,337.8,11.02368193,18,1,4,915,2.307572678
583567898,-0.25667135,8.149601736,4.418840608,3.951243719,4.077537444,5.613128106,0.693147181,5.918893854,0,695.6,9.651301316,34,1,5,864,2.364438027
837799455,1.227707184,10.71535067,1.609437912,1.386294361,4.110873864,1.609437912,0,6.003887067,0,39.7,4.382026635,188,1,3,924,2.531183258
499672803,-1.09795146,7.370860167,0,3.044522438,2.48490665,2.564949357,1.386294361,3.36729583,0,815.8,4.521788577,126,1,5,770,1.802007012
752544727,0.556103821,7.837948916,1.386294361,1.386294361,1.945910149,2.079441542,2.079441542,3.433987204,0,377.3,3.891820298,84,1,5,947,1.958199285
98034324,0.639794686,8.02975852,0,3.496507561,2.564949357,0.693147181,1.098612289,3.36729583,0,169.2,3.17805383,9,1,5,951,1.972167417
329673017,-0.384461211,6.65415252,0,2.397895273,1.098612289,3.295836866,1.386294361,3.044522438,0,253.7,8.138272639,60,1,5,768,1.698853731
456579541,0.709308451,6.717804695,0.693147181,1.791759469,3.218875825,1.386294361,0,3.218875825,0,726.1,9.368966735,3,1,3,823,1.719030328
99002321,-1.386923867,7.946971358,2.079441542,3.433987204,3.761200116,2.48490665,2.48490665,4.007333185,0,159.5,5.948034989,28,1,5,948,2.142625012
625365077,0.246024041,8.504513138,1.098612289,3.091042453,4.543294782,2.995732274,2.302585093,5.332718793,0,591.9,7.860956365,197,1,5,920,2.438630477
90614534,-1.007940819,10.99728828,0,0,4.110873864,2.302585093,2.944438979,4.304065093,0,154.8,9.724719674,35,1,4,975,1.907969058
540323644,1.958913156,8.726156679,2.079441542,4.394449155,3.135494216,3.401197382,1.098612289,4.634728988,0,160.6,3.526360525,578,1,5,0,2.601042047
99102518,0.633011384,11.07890655,2.079441542,2.397895273,4.919980926,3.295836866,2.302585093,5.762051383,0,60,4.852030264,48,1,5,0,2.693012223
456147396,-1.273478427,9.042040057,4.234106505,3.526360525,5.796057751,5.533389489,5.308267697,6.826545224,0,882.7,8.879054662,24,1,5,854,2.72431311
455428427,-0.88044867,7.503840747,1.098612289,2.302585093,4.304065093,2.397895273,1.791759469,5.225746674,0,188.4,10.22654883,11,1,3,914,2.455770977
328778202,1.260617501,7.098375639,1.098612289,0.693147181,2.48490665,1.609437912,1.386294361,3.044522438,0,181.9,8.461046031,31,1,5,838,2.259215698
98165848,-0.585081117,7.963460067,2.302585093,4.276666119,3.433987204,3.951243719,2.197224577,4.234106505,0,718.9,9.494390858,24,1,4,951,1.930110797
456881393,-0.017141673,11.26170389,2.995732274,5.241747015,5.733341277,3.17805383,2.48490665,6.313548046,0,13.5,8.377241231,359,1,5,0,2.106346793
838739308,0.59426366,12.55379564,3.258096538,5.513428746,4.060443011,3.135494216,2.772588722,7.604396349,0,17.8,10.43058015,370,1,5,855,2.178162523
89237230,-0.022187695,7.605890001,1.945910149,2.48490665,2.890371758,3.401197382,3.33220451,3.737669618,0,498.1,2.197224577,110,1,5,986,2.864676878
373235604,-0.728653459,7.609366538,1.098612289,3.36729583,2.079441542,1.791759469,0,4.204692619,0,256.3,6.047372179,16,1,5,678,2.275698461
585427609,-0.46527068,8.222016437,0.693147181,2.708050201,3.433987204,2.397895273,3.17805383,3.951243719,0,222.1,10.18297363,23,1,5,700,2.087317497
754525493,-0.919392357,8.203304027,2.079441542,2.772588722,2.890371758,3.401197382,1.609437912,5.225746674,0,422.5,12.61630305,375,1,5,775,2.195535883
244736460,-1.711429468,9.981790286,3.135494216,2.833213344,2.944438979,0.693147181,0,5.204006687,0,1134,4.700480366,116,1,5,767,2.752440356
626097949,-0.430836381,8.945332617,2.397895273,3.663561646,5.111987788,3.135494216,3.63758616,5.988961417,0,117.1,13.82617647,155,1,3,860,2.242993824
667846503,0.814592825,6.617402978,1.945910149,3.33220451,2.197224577,2.397895273,1.098612289,3.713572067,0,547.8,5.010635294,51,1,3,922,2.549707226
98050282,-0.230751601,8.639410824,2.079441542,3.63758616,2.564949357,4.9698133,1.609437912,5.529429088,0,223.1,7.808729307,129,1,2,951,2.031628907
285839032,0.140193234,7.876258882,3.583518938,2.48490665,2.944438979,3.33220451,1.098612289,4.219507705,0,1572.1,8.301521655,179,1,5,888,1.93039041
497508957,1.374179765,7.527255919,1.791759469,2.397895273,2.397895273,2.944438979,2.197224577,3.526360525,0,409.9,4.927253685,158,1,5,945,2.012443341
668371637,0.343767645,7.085901464,0,2.708050201,2.944438979,3.36729583,0,4.094344562,0,560.9,8.68440111,23,1,5,885,2.218634628
287764044,-0.42586196,8.750049422,0.693147181,2.564949357,4.753590191,2.944438979,1.098612289,5.356586275,0,20,10.17420148,31,1,5,708,2.644936547
583367724,0.209164335,8.047829357,2.890371758,3.465735903,3.526360525,4.077537444,1.791759469,4.753590191,0,560.4,9.524274816,99,1,5,884,2.503338933
95136736,-0.400752439,7.969011781,0.693147181,3.465735903,5.497168225,4.615120517,3.091042453,4.875197323,0,243,7.945201132,26,1,5,962,2.175962932
245871548,-1.104177023,8.606851063,0,1.609437912,1.098612289,0.693147181,1.098612289,3.433987204,0,80.6,3.80666249,636,1,6,673,1.736454271
89939021,1.373926521,8.73777346,2.772588722,2.63905733,4.418840608,3.526360525,5.605802066,4.890349128,0,105.3,2.197224577,303,1,3,983,1.912291549
710287322,-1.98131065,9.97706324,3.871201011,4.304065093,4.795790546,4.454347296,2.833213344,6.609349243,0,95.4,9.590487672,0,1,5,923,2.330305539
329110661,1.592287022,9.402777263,1.945910149,2.944438979,5.170483995,3.044522438,3.663561646,5.056245805,0,118.5,8.219595454,59,1,3,823,2.601046756
498946100,-0.673442662,10.34151665,2.197224577,2.890371758,2.995732274,2.397895273,1.098612289,5.111987788,0,284.4,9.698183919,19,1,5,834,2.155417658
584746338,-0.429050112,6.97354302,0,2.197224577,1.791759469,2.708050201,0,3.401197382,0,207.6,8.939974177,11,1,5,767,1.828617774
753613840,1.305213939,6.320768294,0,0.693147181,1.386294361,0.693147181,1.386294361,2.197224577,0,108.1,9.017240942,75,1,2,860,2.036845714
968218897,0.161590782,11.48933949,3.828641396,4.110873864,6.704414355,3.871201011,3.17805383,6.12905021,0,707.6,9.818147505,16,1,3,900,1.875112116
370449854,0.238735761,7.057036982,0,1.098612289,2.197224577,1.098612289,2.197224577,2.772588722,0,291.6,7.155396302,41,1,3,913,1.98475498
584509887,0.572210393,8.203304027,1.945910149,1.609437912,2.63905733,1.791759469,0.693147181,3.610917913,0,737.6,8.437283808,181,1,5,777,1.817654908
89707391,-0.420314727,7.919719761,0,1.098612289,2.890371758,1.791759469,2.197224577,3.135494216,0,62,2.079441542,8,1,5,984,2.544108607
457401616,1.507503292,9.471396088,1.098612289,4.820281566,1.098612289,0,1.098612289,4.744932128,0,80,11.30597509,1,1,3,741,2.720317423
927609938,2.165781237,12.44680854,5.894402834,6.684611728,6.280395839,7.800982071,3.828641396,9.191870856,0,123.3,12.56370513,5,1,5,736,1.831830278
414226303,-0.156335017,13.03273184,4.96284463,5.590986981,4.919980926,4.094344562,2.772588722,8.47470314,0,50.6,5.379897354,4,1,5,806,2.562626809
541491094,-0.916731795,8.500657223,0.693147181,0,3.761200116,2.302585093,2.564949357,2.890371758,0,3344.7,8.888480848,206,1,1,826,2.866046607
843164934,0.9917915,13.47322164,7.083387848,7.677400431,8.894533136,8.449128461,6.852242569,11.22390917,0,20.4,8.797246237,14,1,5,677,2.995447978
800690149,3.517862783,9.884100839,0.693147181,3.36729583,2.302585093,0,2.772588722,4.941642423,0,21,1.386294361,19,1,5,680,2.065654822
842153637,2.984126251,9.813836331,0.693147181,2.995732274,2.397895273,1.791759469,0,5.420534999,0,15.7,9.163667964,11,1,3,766,2.99963215
541901678,0.27548618,7.935587386,1.386294361,3.713572067,3.044522438,3.610917913,2.197224577,4.477336814,0,1231.5,4.158883083,87,1,5,0,2.760578007
669704350,-0.317883108,6.169610732,1.098612289,1.945910149,2.564949357,0.693147181,2.079441542,3.63758616,0,174.9,7.481555702,377,1,5,764,1.862355717
797008296,-1.340982074,11.89090289,2.48490665,4.941642423,3.850147602,2.944438979,2.708050201,6.701960366,0,18,4.941642423,91,1,3,772,1.984489262
926249375,-0.778930535,12.38451168,7.470793774,5.998936562,8.792245847,6.963189986,6.597145702,9.140668699,0,768.7,7.864804003,2000,1,5,853,1.901577741
244102584,-1.845546641,13.47905832,3.218875825,1.791759469,5.123963979,3.891820298,4.663439094,6.472346295,0,207.6,9.470856776,65,1,3,824,1.988425173
668292735,-0.286766597,7.618742378,1.791759469,4.919980926,1.791759469,4.025351691,0,5.153291594,0,14.9,9.699962788,21,1,5,888,2.353026673
582911322,1.983231291,7.377758908,0,3.583518938,1.609437912,1.098612289,1.098612289,3.784189634,0,825.9,10.34161344,204,1,4,913,2.477444753
285368527,0.011378341,8.007034012,2.772588722,4.007333185,3.912023005,2.079441542,2.564949357,3.295836866,0,420,8.422882512,106,1,3,923,1.839055747
542982400,0.287253701,7.53796266,0,1.098612289,2.890371758,0,0,4.025351691,0,665,6.386879319,158,1,2,701,2.688469321
372060031,0.867031513,11.59013647,3.135494216,6.480044562,3.970291914,0.693147181,3.258096538,6.90475077,0,43.4,7.80016307,1,1,5,774,2.660963684
584398686,0.751753075,13.22224853,2.397895273,3.970291914,5.659482216,2.833213344,3.784189634,7.816416984,0,11.9,4.919980926,0,1,3,793,2.729728624
754364741,0.453302889,7.69211334,1.609437912,3.17805383,3.218875825,1.791759469,1.945910149,5.164785974,0,39.9,8.487970333,1197,1,3,798,2.07233952
710717444,0.049655003,10.31008535,3.688879454,4.836281907,6.688354714,6.788971743,2.995732274,6.955592608,0,1086.4,8.996156562,1,1,5,898,2.050394133
287477176,-0.321331286,10.18686035,1.791759469,2.397895273,3.610917913,3.401197382,1.609437912,6.716594774,0,45.8,11.10983254,0,1,3,749,1.737397812
91176066,-1.103242435,7.266827348,1.791759469,0,1.791759469,0,0.693147181,2.890371758,0,703.2,8.854522204,83,1,5,978,2.257741317
244719389,0.931073415,10.6948951,3.761200116,3.526360525,4.59511985,3.828641396,2.079441542,6.674561392,0,171.7,11.87570573,2,1,5,761,2.423714265
200688324,-0.652303634,7.66293785,2.197224577,1.609437912,2.63905733,1.945910149,0,3.761200116,0,1168.7,9.405084449,60,1,5,895,2.769928634
541422637,-1.32505639,9.009691898,3.555348061,2.397895273,1.791759469,3.091042453,1.386294361,5.407171771,0,233,10.42987152,4,1,5,826,2.091702357
55201736,0.047968097,11.46708046,5.407171771,5.645446898,8.729882285,8.119696253,7.092573716,8.620832226,0,219.5,10.24306211,21,1,5,1236,2.43778531
463015595,-1.929260117,9.089979015,3.496507561,2.63905733,5.796057751,3.912023005,4.804021045,6.152732695,0,221.4,6.908754779,16,1,6,406,2.749712765
292242568,-1.432556643,11.81067915,5.505331536,6.520621128,8.366137716,7.982074875,7.222566019,8.954544488,0,204.6,9.747593688,14,1,5,447,2.644692429
763892060,0.065965075,7.184629153,0,3.871201011,1.609437912,3.091042453,0.693147181,5.459585514,0,895.3,8.933532296,78,1,5,360,1.834801376
78302105,1.345108168,11.97391358,6.380122537,5.509388337,6.274762021,6.716594774,4.49980967,8.585599224,0,303.6,14.02456817,181,1,5,1057,2.430057527
589552078,0.755767784,10.32051885,4.718498871,3.63758616,6.893656355,5.036952602,6.306275287,6.971668605,0,1509.6,8.443977129,121,1,5,455,2.028740273
589710872,-1.117195148,11.51489353,4.744932128,4.852030264,8.939449862,7.712890961,5.802118375,8.350902452,0,365.2,11.00148298,28,1,5,449,2.412449213
43256845,-0.937081071,11.6537564,7.170119543,6.558197803,9.237274373,9.699411064,8.493719835,9.391494581,0,544.9,9.991956201,107,1,4,1355,3.045248654
76001398,0.59586678,11.27233052,6.383506635,4.882801923,5.575949103,6.403574198,3.951243719,7.909489493,0,434.3,14.02456817,181,1,5,1077,2.546671157
798009444,-0.428946101,12.85205484,8.045267717,6.142037406,7.428333194,8.858368636,7.363279587,9.903387548,0,554,13.90670866,37,1,5,693,2.335730946
458886180,-2.072397449,12.61966133,5.533389489,5.564520407,8.136225555,5.888877958,5.641907071,7.652070746,0,196.7,11.43560156,1,1,5,638,2.635025988
58635677,0.159414418,12.50591054,6.194405391,6.148468296,8.089482474,7.211556733,5.780743516,8.182000136,0,290.9,9.754233199,29,1,5,1206,2.487467247
80483432,-0.2738581,11.10518277,5.897153868,5.164785974,5.609471795,6.930494766,4.919980926,8.262558973,0,471.8,13.20009079,14,1,5,1040,2.372097056
34416186,-0.367521369,11.77289456,6.822197391,8.065579427,8.06022424,7.295735073,6.416732283,7.898782357,0,958.4,13.39579388,113,1,5,1467,2.429502446
847826101,0.682612068,13.23141328,8.22684089,6.828712072,9.059750013,8.92038906,7.608374474,9.722325323,0,1642.9,11.04616457,33,1,5,417,2.626858758
584803597,0.725455292,11.84037858,8.103494278,6.216606101,7.699842407,9.022563964,7.584264818,9.12608882,0,1893.3,13.19875018,42,1,5,758,2.456825129
455986072,-0.37892208,11.30447346,5.529429088,6.003887067,6.142037406,6.376726948,5.123963979,8.572817095,0,116.8,12.13670113,9,1,5,873,2.640569828
976293252,-0.125950134,11.54440475,5.796057751,5.438079309,7.839525582,7.504391559,6.144185634,8.512381634,0,794,12.35122438,40,1,5,368,3.112845871
76382775,0.086808652,15.70692424,10.47344963,8.875846178,10.56336229,10.9622496,9.156939595,12.38701408,0,532,14.09192489,138,1,5,1074,2.337912042
207974778,-0.017141296,10.73724414,4.343805422,5.641907071,6.570882962,6.754604099,6.320768294,7.947678571,0,195.5,7.638679824,18,1,5,413,2.549138373
58762786,0.672635537,11.57905023,4.875197323,4.990432587,6.687108608,4.976733742,3.80666249,6.359573869,0,180.7,10.17244542,25,1,5,1206,2.516205656
976257072,-0.324979948,10.86442655,5.049856007,5.298317367,4.543294782,3.871201011,4.615120517,7.33628566,0,166.2,8.161660452,69,1,5,368,2.388922408
587403725,-1.049694552,10.76255163,6.69950034,5.081404365,6.755768922,8.018954683,4.543294782,8.16820293,0,761.4,10.80895998,160,1,5,570,2.156989771
890449936,0.547343313,9.556480014,4.394449155,2.079441542,6.383506635,4.465908119,5.351858133,6.778784898,0,807.3,6.212606096,149,1,6,413,2.579953571
74640352,-0.294887716,11.3321587,4.49980967,3.931825633,5.081404365,4.33073334,2.890371758,7.602401336,0,98.5,10.9794281,8,1,5,1089,2.167158276
846405826,-0.250799702,12.06034721,5.117993812,5.313205979,8.261009786,6.971668605,7.079184395,8.683215975,0,420,11.39344349,19,1,5,483,2.513195691
26216839,-0.5094051,11.2656557,6.448889394,5.398162702,6.850126166,6.606650186,5.888877958,7.489970899,0,620,12.53591222,51,1,5,1576,2.417937226
82965966,-1.281187488,12.64333031,7.048386409,6.124683391,8.640295389,7.556950572,6.295266001,9.151333191,0,987.1,13.32581674,55,1,5,1022,1.933692295
844213291,0.644164514,11.0800943,4.990432587,4.663439094,6.135564891,5.700443573,4.304065093,7.74586823,0,812.8,12.92505325,36,1,5,620,2.43148717
587534717,-0.375410779,12.32838319,7.522940918,5.978885765,6.996681488,8.098642844,6.541029999,9.373988664,0,334.6,14.04096344,0,1,5,561,3.018655416
44517419,-0.900289073,15.4057944,10.57395447,9.19258365,10.38994876,11.90140717,9.153558358,12.27887226,0,825.4,14.47408907,42,1,5,1343,2.228162116
848664779,-0.355529138,9.427304872,5.733341277,4.532599493,6.274762021,7.059617628,3.891820298,7.138073034,0,933.9,9.190341725,81,1,5,372,2.599948275
372339082,-0.219025211,11.64736894,7.120444372,5.988961417,6.851184927,8.900821605,5.552959585,9.30710404,0,956.4,13.4814955,118,1,5,754,2.123913339
929600423,-0.672386854,10.3256131,5.723585102,5.111987788,5.351858133,6.255750042,4.025351691,8.146419323,0,1090.9,12.79377875,74,1,5,600,2.295725933
630318061,-1.212127666,11.88117319,5.82008293,6.336825731,8.775240459,8.624970784,7.128495946,9.262837941,0,265.6,8.375399186,98,1,6,551,3.155372914
42502694,1.17596007,12.34533881,7.250635512,6.202535517,7.486052618,7.971430998,6.22059017,8.835937789,0,703.2,13.29609817,7,1,5,1364,2.768739464
291543019,-1.522536193,10.51047754,4.060443011,5.811140993,7.187657164,6.163314804,6.120297419,7.91644286,0,202.5,7.730614066,261,1,5,476,3.443560245
542018259,-1.232225942,11.81597387,8.217438538,6.897704943,7.043159916,8.773229786,6.822197391,9.368625351,0,629.4,13.54392884,455,1,3,781,2.503483357
66035144,-0.060938112,11.19993926,8.669399124,6.018593214,8.085794701,9.102643797,5.762051383,8.864322723,0,1494.6,11.81263739,9,1,5,1155,2.414736968
74023468,-0.985706342,11.06491813,7.311218384,7.10824414,7.535830463,8.13739583,6.728628613,8.446985296,0,606.6,12.79154552,140,1,5,1094,3.160768389
73701194,-0.068027487,11.50422775,5.262690189,4.919980926,7.210079628,5.910796644,4.736198448,6.978213743,0,710.7,10.87825472,5,1,5,1097,2.188929149
334531297,-0.647625309,9.523690191,5.65248918,5.323009979,6.606650186,6.81014245,5.043425117,6.928537818,0,3906.2,9.798349234,30,1,5,452,2.540998475
54069279,-0.890382061,12.80752386,6.952728645,7.008505182,7.311218384,7.979338895,6.37331979,8.850947452,0,733.9,12.45246386,3,1,4,1248,2.165245472
65605422,0.367586454,11.26616778,6.593044534,5.908082938,6.703188113,7.302496424,6.052089169,8.461469043,0,583.8,14.02456817,181,1,5,1158,2.057810182
206985716,0.074225305,11.71984207,6.013715156,5.288267031,6.867974409,7.102499356,6.413458957,8.796641459,0,963.8,12.11643236,144,1,5,456,2.80812889
633645103,-0.212286325,9.526464118,4.060443011,4.394449155,6.947937069,3.784189634,6.932447892,6.986566459,0,141.2,4.983606622,111,1,6,374,2.843136508
42472803,1.31329985,11.83669595,7.149131599,6.966024187,7.625595072,7.679251426,5.860786223,8.462103225,0,1084.7,12.5518196,177,1,5,1364,2.3552158
43233581,0.069589367,11.11253745,6.658011046,5.533389489,5.966146739,6.484635236,4.143134726,7.936660155,0,1237.2,13.32581674,55,1,5,1356,2.338957019
843266080,-0.529972177,13.49902152,8.502079554,7.059617628,8.245384468,9.517457357,7.562681247,10.82532288,0,699.5,13.93423715,198,1,5,670,2.078961247
335487151,-0.062492439,11.05136608,6.333279628,5.579729826,5.023880521,6.445719819,3.988984047,7.452982329,0,944.8,12.04732893,20,1,5,415,2.239936089
763593764,0.506172801,8.484463367,5.257495372,4.543294782,4.521788577,5.616771098,3.091042453,6.063785209,0,2924.3,10.38167634,62,1,5,379,2.543768758
373569673,0.188647002,11.21472157,6.107022888,5.283203729,6.56948142,6.510258341,4.060443011,7.909856667,0,783.8,11.05549842,41,1,5,663,2.245459009
503747679,0.817637558,10.73153706,5.030437921,5.894402834,6.584791392,6.489204931,6.109247583,7.44716836,0,674.6,4.795790546,66,1,5,496,2.36023661
891314389,-0.855450948,10.11690395,3.951243719,4.356708827,6.717804695,5.379897354,3.951243719,7.552762084,0,95,11.34080767,1,1,5,370,2.705078299
974624290,0.773519074,9.737905112,4.709530201,3.401197382,6.470799504,5.493061443,5.866468057,6.935370446,0,259.1,6.927557906,420,1,5,450,2.83651004
63304532,0.567437856,11.79000402,6.602587892,5.998936562,7.503840747,7.166265974,5.860786223,8.152774053,0,736.1,12.53591222,51,1,5,1174,2.728123864
968056531,0.129527749,11.3441754,4.997212274,5.049856007,6.874198495,5.673323267,6.298949247,7.097548851,0,893.5,8.752581469,1064,1,5,906,2.30869001
68090183,0.278847306,12.79385098,6.196444128,6.282266747,10.20843226,9.262932822,8.717518373,9.818583045,0,116.9,9.363147292,163,1,5,1137,2.672805637
76379380,0.157877929,12.88942703,7.22620901,5.84932478,9.22857314,7.821643126,8.027476531,9.495594499,0,706.1,11.39249643,23,1,3,1074,2.390810649
334476700,-0.435799371,12.46024964,9.084777149,8.447628728,8.256088134,10.31612686,6.639875834,10.52559513,0,1209.5,13.17172671,9,1,5,460,2.656250728
672690515,0.030433012,12.11922307,5.762051383,5.278114659,6.480044562,7.36264527,5.521460918,8.835501457,0,337.1,14.04096344,0,1,5,554,2.672507195
66736095,-0.10104797,10.82359101,5.323009979,5.802118375,7.202661197,7.53369371,5.252273428,7.990915463,0,389.9,9.654833867,110,1,5,1149,2.420491936
8897744,-0.403640995,11.93535257,8.086102536,6.11146734,7.310550159,7.311886164,6.204557763,4.682131227,0,1645.1,13.28831162,155,1,4,2068,2.399929182
504505040,0.595688153,10.02198145,4.86753445,4.189654742,4.787491743,5.533389489,4.127134385,6.410174882,0,1108.8,10.04207489,66,1,5,0,2.64138429
975484407,0.787930467,11.83496548,6.690842277,5.774551546,6.606650186,7.061334367,6.040254711,8.524367395,0,686.1,13.46830209,26,1,5,416,2.791518073
21843713,1.866863756,11.49216138,5.241747015,5.017279837,6.822197391,4.59511985,5.59471138,5.834810737,0,530.4,6.999422468,95,1,3,1664,2.584299458
591053818,3.247487173,9.154721948,4.96284463,3.610917913,5.590986981,4.007333185,4.127134385,5.65248918,0,200.1,7.049254841,41,1,5,379,2.283017211
631499983,0.256276247,10.58430908,4.795790546,4.663439094,5.411646052,5.488937726,3.737669618,7.177782416,0,901.9,10.17328566,7,1,5,484,2.314892841
674802013,-0.884881181,9.116798628,5.659482216,4.770684624,5.030437921,6.405228458,4.17438727,6.727431725,0,2233.3,11.17785824,119,1,5,441,2.783070316
12336326,0.438785619,11.36829268,6.543911846,5.411646052,6.572282543,5.837730447,5.762051383,5.641907071,0,896.7,13.32581674,55,1,4,1928,2.175212547
45341155,-1.423281232,10.80732101,5.356586275,5.407171771,7.68017564,7.374629015,6.848005275,7.839131648,0,158.6,9.363147292,163,1,5,1334,2.882831875
713521682,0.781277394,11.67654828,5.308267697,4.934473933,6.747586527,5.241747015,4.127134385,8.766394277,0,601.2,12.55159665,121,1,5,659,2.478441782
65747933,0.066306501,14.36678364,9.574844587,8.878636747,9.994241916,11.59181058,8.531293316,12.31323504,0,170.1,14.67438317,13,1,3,1158,2.303416068
81289303,-1.012027381,11.42243167,6.43775165,4.875197323,6.161207322,6.964135612,5.420534999,8.359603271,0,896.1,12.59200149,7,1,5,1026,2.457992489
94414673,0.208195265,11.91935677,4.262679877,4.532599493,8.318986125,6.663132696,6.475432717,7.43543802,0,252,10.25590344,114,1,5,964,2.580818351
675153580,-0.174754049,11.63354004,6.340359304,5.010635294,7.946263644,6.943122423,7.188412736,8.476162842,0,785.8,12.37143877,14,1,5,424,2.655777517
673206246,-0.212889159,10.87957433,5.826000107,4.934473933,6.618738984,6.232448017,5.298317367,7.558516743,0,338.5,9.97357316,73,1,5,0,2.354928549
802686922,-0.209745224,11.78592528,5.384495063,5.521460918,6.194405391,6.548219103,6.177944114,8.079618029,0,312.1,11.09084305,25,1,5,560,2.404466526
633699500,-1.195713584,12.7334161,5.236441963,6.08221891,8.995412975,7.798523054,6.559615237,9.39938925,0,293,11.37364041,26,1,3,377,2.320403325
333096638,0.160221057,11.66936495,6.523562306,5.416100402,6.018593214,7.122866659,4.96284463,8.26821888,0,703.6,12.72522649,25,1,5,531,2.422953082
504726890,-0.534787137,10.43599639,4.634728988,5.634789603,6.88550967,6.71417053,5.913503006,7.656337166,0,261.7,9.747593688,14,1,5,445,2.887845358
413790793,-0.756026449,12.42682534,6.315358002,6.352629396,8.933004592,8.527935288,8.337348564,9.541441065,0,262,11.88879697,29,1,5,840,2.853768598
931932157,-0.732208017,10.12607095,3.912023005,4.820281566,5.272999559,4.356708827,2.63905733,7.080867897,0,296.3,12.21667128,0,1,6,458,2.380799933
201493895,-0.165314923,12.77653511,8.28878581,6.428105273,8.405591015,8.42398081,8.13710339,9.229162126,0,2288.3,11.61931945,213,1,5,833,2.375328061
53794183,1.847713491,11.30474442,5.043425117,5.676753802,6.532334292,6.921658184,4.406719247,7.301147806,0,197.1,10.23163956,156,1,5,1250,2.302943976
208793928,0.489258154,9.29320985,2.079441542,3.713572067,4.406719247,2.890371758,2.197224577,6.304448802,0,196,9.86537023,6,1,5,365,2.529658251
19515832,0.878094755,11.47543126,6.190315406,5.438079309,6.906754779,6.263398263,5.105945474,7.22329568,0,532.5,13.32581674,55,1,4,1719,2.272118595
72046636,-0.750512773,11.28180014,6.395261598,4.262679877,7.678326357,5.087596335,4.836281907,7.449498005,0,535.4,12.58754556,2,1,4,1103,2.154876153
457441213,-0.509506975,12.42929619,8.330381569,6.769641977,7.923710334,9.336179757,7.109062136,9.969322108,0,630.4,13.86292358,158,1,5,0,2.282875493
97188439,0.775907205,11.41006183,5.023880521,5.257495372,7.555905094,6.124683391,6.751101469,8.289790583,0,193.7,11.58798655,131,1,5,951,2.60253502
285412343,-1.763844791,11.84229396,4.290459441,4.394449155,5.549076085,6.025865974,4.94875989,8.698013622,0,121.2,11.71608669,6,1,5,916,2.306319987
43437840,0.053882884,11.11450548,6.595780514,5.880532986,6.154858094,7.812782819,4.997212274,8.223627176,0,749.5,12.38721434,30,1,5,1353,2.094576051
41754249,-0.292738414,13.20055144,8.345692873,7.576609767,8.573006256,8.633552993,7.493317249,9.968197934,0,490.2,14.01959931,4,1,5,1371,2.236270078
421118847,1.321444872,9.042513261,2.890371758,4.304065093,5.746203191,5.638354669,4.110873864,6.533788838,0,195.3,4.189654742,18,1,6,379,3.186096653
796979585,-0.170023217,11.30964581,5.758901774,5.129898715,5.786897381,6.059123196,4.49980967,8.444192299,0,557.4,12.59200149,7,1,5,784,2.260477357
970277655,0.795920783,12.0930943,6.086774727,5.351858133,5.872117789,6.909753282,8.528924114,8.774467601,0,253,12.92064613,53,1,5,0,2.362091981
504088942,0.532624446,10.39004098,6.001414878,5.056245805,7.395107547,6.530877628,7.090076836,7.72753511,0,545.6,7.017506143,0,1,5,479,2.246397424
53163549,-0.398238311,11.58825555,6.856461985,5.446737372,7.302496424,6.599870499,5.351858133,7.971430998,0,1416.6,13.32581674,55,1,5,1257,2.647075375
333438582,-1.574257924,9.502487461,5.758901774,2.079441542,7.215239979,6.315358002,6.336825731,7.416378479,0,712.3,6.061456919,78,1,5,510,2.486702972
22024150,0.675042873,12.66834018,6.690842277,5.950642553,7.691200098,7.003974137,5.886104031,7.886457271,0,352,13.45681071,177,1,5,1660,2.445794872
674622338,0.255033342,12.11145423,6.056784013,6.369900983,7.285506549,7.549609165,5.283203729,9.107421318,0,340.5,11.66979245,48,1,5,454,2.695895891
41864035,-0.081376019,12.40813964,6.823286122,6.561030666,6.90475077,7.335633982,5.272999559,9.120306249,0,244.7,14.01959931,4,1,5,1370,2.216774024
98597807,-0.877029563,11.93304927,5.746203191,4.812184355,9.191157553,7.368339686,7.229838778,8.861491864,0,319,11.8427974,270,1,5,949,2.946922804
888334678,-0.508692476,11.09651568,4.430816799,5.170483995,6.313548046,6.202535517,6.415096959,7.880804345,0,194.1,11.09084305,25,1,5,521,2.417321036
463408755,0.805066055,8.6044712,1.945910149,4.382026635,5.017279837,5.170483995,3.713572067,5.926926026,0,192.4,6.946975992,36,1,5,385,2.78120476
58453084,0.93706596,12.28571066,4.820281566,5.293304825,7.454141078,7.313886832,6.00635316,8.177515824,0,297,12.43361451,60,1,5,1208,2.341901248
543362154,0.259901621,11.2407886,4.532599493,5.204006687,5.666426688,6.597145702,3.295836866,7.727975542,0,222.2,11.62015523,165,1,5,675,2.06143637
668710334,-3.016920285,11.62402846,4.700480366,5.420534999,7.993619995,7.257002707,7.41397029,8.416046009,0,75.9,7.616283562,87,1,5,852,2.952761456
845531736,-0.824229799,12.5439011,6.190315406,5.80814249,8.30498958,7.187657164,6.28785856,8.960082528,0,812.4,9.68333951,3,1,5,535,2.515977085
289371154,-0.246329507,11.32015349,8.105911198,5.655991811,7.780303088,8.683046556,5.902633333,8.782783017,0,893.7,10.75562369,9,1,5,611,2.283491426
13835180,-0.362570618,12.16441697,7.756623335,6.666956792,6.848005275,7.167809184,5.361292166,6.079933195,0,788.1,12.82369316,201,1,4,1889,2.365612045
42103927,-0.305287163,11.71872752,5.459585514,5.96870756,8.826734598,8.72923535,7.853993087,8.914222821,0,242.8,8.464003363,4,1,5,1368,2.963331346
86576103,-0.363843528,12.25963237,7.175489714,6.349138991,7.385230923,7.724004657,6.428105273,9.174816816,0,742.9,14.02456817,181,1,5,996,2.668996791
56988019,0.030461401,11.10843988,6.561030666,5.451038454,6.152732695,6.610696045,4.779123493,7.89319887,0,572.7,14.02456817,181,1,5,1220,2.421130965
75767568,0.218802007,10.7350044,7.416378479,5.283203729,7.158513997,8.13973228,4.33073334,8.115819701,0,1984.4,11.35426965,16,1,5,1079,1.96996256
79263693,0.26606945,12.07571336,7.289610521,6.356107661,8.3854887,8.054840221,7.907651595,8.953640037,0,1132.1,13.38038283,29,1,5,1049,2.077418127
542395173,0.66461134,11.91186936,7.201916318,5.916202063,7.137278437,8.839566504,5.602118821,9.181014543,0,824.7,13.25803174,23,1,5,742,2.788721068
75464718,-0.900685519,11.55067394,4.605170186,3.610917913,5.356586275,4.060443011,2.995732274,7.733683571,0,137.5,10.9794281,8,1,5,1082,2.619641515
78736854,-0.751499166,11.67077501,5.272999559,4.8978398,5.963579344,5.981414211,4.060443011,7.617759577,0,164.7,10.51748329,11,1,5,1054,2.545649007
891373409,0.488576056,7.757051142,0.693147181,2.890371758,4.86753445,3.496507561,2.564949357,4.753590191,0,229.4,4.094344562,13,1,6,365,2.319105059
591066634,-0.444390171,8.688116703,3.135494216,3.988984047,4.025351691,4.127134385,1.945910149,6.150602768,0,582.9,9.713597426,168,1,5,384,1.746664479
502092658,0.336423053,11.75003504,7.005789019,5.099866428,8.369388997,7.704811923,7.747164967,8.944158831,0,1433.6,12.37143877,14,1,5,597,2.574024967
41786893,-0.261594017,10.82897586,6.190315406,5.159055299,7.173191742,7.430114139,5.323009979,7.61529834,0,816.5,12.839069,124,1,5,1371,2.356033349
669691351,-1.510477305,11.69357896,4.043051268,4.532599493,5.433722004,1.098612289,1.791759469,6.267200549,0,228.9,6.821107472,27,1,4,763,2.299290006
335908479,0.810547932,9.045111893,4.584967479,4.762173935,3.951243719,4.290459441,1.098612289,6.204557763,0,2338.8,5.683579767,94,1,5,385,2.194164551
75463056,-1.02369064,11.13737347,5.863631176,4.59511985,7.085064294,6.293419279,5.278114659,7.784889296,0,877.2,11.39249643,23,1,3,1082,2.186451908
74749711,1.061092847,12.94081033,6.727431725,5.433722004,7.047517221,5.087596335,6.434546519,7.696212639,0,892.9,11.33513762,13,1,5,1088,2.414222301
57510428,-0.148360654,12.27709479,5.648974238,5.505331536,8.040124664,6.22059017,5.631211782,7.444248649,0,604.3,9.246575865,6,1,3,1215,2.795351676
206535053,0.627436264,10.59593449,4.8978398,4.859812404,5.823045895,5.66296048,4.762173935,7.309212366,0,516.2,12.26178641,163,1,6,476,2.263224621
890109242,0.590634292,10.68784561,4.127134385,5.257495372,6.584791392,5.723585102,5.641907071,7.489970899,0,177.5,4.795790546,109,1,5,429,2.661420953
972990015,0.542369466,12.27146705,6.514712691,5.916202063,7.304515946,7.823245691,6.51174533,9.084777149,0,308.8,12.72522649,25,1,5,538,2.778464648
52929985,-0.553548187,11.4069203,6.152732695,5.308267697,5.700443573,6.308098442,3.713572067,6.914730893,0,587.2,8.502891407,3,1,5,1259,2.467545059
803664216,-0.319435192,11.34193546,5.488937726,5.036952602,6.326149473,6.597145702,5.424950017,8.349957272,0,684.3,12.11643236,144,1,5,495,2.281609172
287892360,-0.076697767,10.81309601,6.293419279,5.332718793,7.160845907,6.995766156,6.858565035,7.931644021,0,697.4,8.880029117,43,1,5,696,2.842259085
62529174,-0.949219412,11.39207899,5.638354669,4.634728988,5.241747015,5.564520407,4.753590191,7.436617265,0,456.4,13.02245906,19,1,5,1179,2.598815169
63171583,-0.319599067,11.01498316,8.425516403,6.455198563,6.324358962,7.01571242,5.529429088,7.487173694,0,1294.5,11.61931945,213,1,5,1175,2.408546894
20300685,-0.24228447,11.29573913,5.010635294,5.159055299,7.558516743,6.276643489,6.150602768,6.80461452,0,260.5,11.38491026,97,1,5,1701,2.671086277
25141024,-0.624404669,11.98192234,5.356586275,5.602118821,8.377931124,7.515344571,7.401231264,7.719129841,0,172.1,11.87519771,3,1,5,1594,2.811585804
54263897,-0.049219026,11.23850178,4.9698133,4.875197323,6.587550015,5.572154032,4.564348191,7.546446274,0,840.9,9.538924436,1,1,5,1246,2.19719235
505546349,0.041369703,10.18508867,4.912654886,4.060443011,5.605802066,5.860786223,4.204692619,7.25629724,0,989.5,13.38406281,3,1,5,404,2.847385316
377488189,-0.236065313,9.708931458,4.248495242,3.828641396,4.532599493,4.477336814,2.944438979,6.456769656,0,601.6,11.04010186,13,1,5,436,2.468001063
60030888,0.253688795,12.81356934,7.519692404,7.177782416,7.502186487,6.673297968,6.368187186,8.698180525,0,563.2,7.963460067,459,1,3,1196,2.210217256
286437091,0.839084312,11.21408807,6.222576268,5.746203191,6.28785856,7.319202459,5.303304908,8.951440101,0,344.5,12.79377875,74,1,6,831,2.434375518
975431558,0.177415578,8.448700195,5.049856007,4.406719247,5.241747015,6.390240667,2.564949357,6.459904454,0,484.8,8.826734598,37,1,5,415,2.447446686
628538221,-0.008443973,11.69543867,7.126890809,5.451038454,6.388561406,7.279318835,5.198497031,9.682154861,0,519.2,14.02456817,181,1,5,658,2.39024546
461265411,-0.163737483,10.83137083,4.204692619,4.779123493,6.269096284,3.63758616,4.615120517,7.9686657,0,182.1,13.02372687,134,1,5,494,2.956371088
416529871,1.161869323,12.37508942,5.257495372,5.313205979,8.722905701,6.202535517,6.363028104,7.881937489,0,540.2,11.43560156,1,1,6,632,2.392151399
720272987,0.39932859,12.03347367,5.648974238,5.940171253,8.953769295,8.394799543,8.219056661,8.997765772,0,362.2,11.31014811,20,1,6,417,3.016840641
889324673,0.329903331,9.899830875,5.676753802,5.308267697,5.700443573,6.263398263,3.36729583,7.454719949,0,1101.3,11.72571156,447,1,5,461,2.315036063
673512415,1.052063932,10.41141899,5.313205979,5.003946306,5.92157842,6.167516491,4.394449155,7.003065459,0,2415,11.01105958,20,1,5,503,2.37230099
505475371,0.535139651,9.887815383,3.688879454,4.955827058,5.484796933,5.198497031,2.708050201,6.601230119,0,374.1,7.508787171,94,1,6,410,2.408821441
883985511,-0.732205217,13.03793339,7.418180823,6.429719478,9.487593249,9.190545745,8.866017399,9.889743535,0,835.5,10.87411494,266,1,5,826,2.306071633
74011907,0.048756485,12.27220677,6.186208624,5.351858133,7.645397699,6.91770561,6.270988432,8.18339737,0,444.2,12.53591222,51,1,5,1094,2.37030869
245330423,-0.16415584,11.12617416,6.773080376,5.429345629,6.639875834,8.102586425,5.97126184,8.549660382,0,1167.8,13.09150409,75,1,5,707,2.332690751
798540989,-1.322141078,11.08823166,5.030437921,5.18178355,6.311734809,6.391917113,4.890349128,7.370860167,0,577.3,8.963416292,49,1,5,661,2.574118827
973351291,0.263158445,11.53567473,4.465908119,5.673323267,7.764720545,7.196686571,7.673688129,8.434463544,0,254.7,6.086774727,167,1,5,516,2.469344878
671757474,0.744434646,10.59503345,5.420534999,6.120297419,6.535241271,7.041411664,4.304065093,8.28172399,0,149,12.99696114,23,1,5,616,2.745452648
69181852,-0.886942802,12.70993105,6.842683282,6.238324625,8.759668671,9.217613856,7.760467029,9.463275708,0,586.1,11.65523199,276,1,5,1127,2.744979454
45113575,-0.288569017,11.5659258,5.323009979,5.66296048,8.014996894,7.314552832,6.363028104,7.989221409,0,263.8,11.58566464,49,1,5,1337,2.810295388
25182053,0.188981106,11.98772383,6.88550967,5.796057751,7.050989447,7.177018766,6.210600077,7.857093865,0,871.8,12.53591222,51,1,5,1593,2.645064381
847997194,0.730545586,11.12643912,6.599870499,5.973809612,7.181591945,7.569411792,6.6147256,8.700347735,0,378.3,11.92070123,120,1,5,412,2.584678338
759481444,0.810211674,10.11188288,6.08221891,6.508769137,5.768320996,5.407171771,5.866468057,6.684611728,0,668.6,5.247024072,116,1,6,455,2.750931124
975368098,-0.643139268,9.646399345,4.317488114,4.369447852,6.21860012,4.477336814,3.526360525,6.298949247,0,513.3,10.26729699,142,1,6,421,2.238351124
505011951,-0.503188688,10.30182734,4.682131227,5.384495063,6.773080376,6.980075941,5.749392986,7.602900462,0,490,9.747593688,14,1,5,431,2.591947073
90561524,-1.32632537,11.64595173,5.905361848,5.356586275,6.80461452,6.539585956,5.793013608,8.276903481,0,329.7,12.50647349,150,1,5,0,2.857228803
806401927,0.222376699,9.136693832,3.713572067,3.610917913,4.343805422,3.761200116,3.135494216,5.129898715,0,614.5,8.188689124,526,1,4,359,2.26084882
932987914,0.818176669,10.72606084,2.48490665,5.356586275,5.075173815,5.129898715,2.48490665,7.614805365,0,192.5,7.875499292,130,1,5,412,2.35881786
44710167,-0.843502791,11.12284146,6.842683282,5.720311777,6.880384082,8.319717387,6.522092798,8.32651683,0,898,12.839069,124,1,5,1341,2.763636205
718133860,-0.477830339,9.851615143,4.574710979,3.526360525,4.912654886,6.226536669,3.295836866,7.129297549,0,618.4,11.45720132,6,1,6,400,2.213483468
847187613,0.270497062,10.46589943,5.370638028,4.219507705,5.351858133,6.635946556,4.430816799,7.578656851,0,534.1,11.45720132,6,1,5,449,2.366789433
50034371,-0.085343138,13.19490169,7.244941546,6.590301048,8.798303718,9.576718091,8.212568398,9.688250165,0,505.6,11.87519771,3,1,5,1287,2.768060593
21843216,-0.756947363,11.23634158,7.324489979,5.572154032,9.042040057,7.693937326,6.378426184,7.396948603,0,5988.6,13.2849668,282,1,4,1664,2.303506926
461017238,0.642795274,12.32855573,6.12249281,5.802118375,7.845807503,7.187657164,6.086774727,8.510973892,0,499.6,12.53591222,51,1,5,503,2.651979616
80919478,0.894245472,11.09294552,6.762729507,5.459585514,6.748759547,7.084226422,6.874198495,7.94944442,0,1111.1,12.53591222,51,1,5,1036,2.774359027
420598884,-1.07971625,9.070388412,5.347107531,3.465735903,4.510859507,4.787491743,1.945910149,6.238324625,0,1056.3,12.07812563,6,1,6,407,1.873036137
251313913,0.019633619,8.226305988,4.454347296,3.80666249,5.587248658,6.483107351,2.564949357,6.561030666,0,910,9.190341725,81,1,5,367,2.256059505
673487388,0.748108935,10.30176019,5.262690189,4.820281566,5.84932478,6.767343125,4.33073334,7.952263309,0,533.5,12.7868291,54,1,5,513,2.383350474
43872307,-0.454993727,11.19080377,6.49375384,6.070737728,7.138073034,8.379309484,7.095893221,8.383433201,0,605.2,12.839069,124,1,5,1350,2.472656195
931840804,1.166264292,10.6651108,4.143134726,4.49980967,5.123963979,4.882801923,4.394449155,7.276556403,0,470.7,11.39344349,19,1,5,462,2.537814471
631544145,-0.668488591,10.86927296,5.774551546,6.943122423,6.953684211,7.110696123,6.359573869,8.065265209,0,479.7,5.733341277,6,1,5,476,2.843646951
418242250,0.28941079,11.16492706,3.555348061,4.762173935,6.486160789,5.700443573,5.866468057,6.950814768,0,300.8,6.867974409,82,1,5,528,2.594729029
418938887,1.270729331,11.15717866,3.951243719,5.351858133,6.426488457,6.324358962,4.94875989,7.793586803,0,112,12.53591222,51,1,5,480,2.636158792
546362500,0.384738158,10.18229284,4.859812404,4.927253685,5.855071922,5.823045895,5.056245805,6.717804695,0,851.8,10.1835406,7,1,6,486,2.725160566
796553872,-0.291689658,14.01425075,10.67715425,8.619569258,10.72606084,11.23865966,9.013595295,11.82538307,0,1894.1,14.87806483,50,1,5,820,2.08376544
584982392,-0.336711829,11.58092051,8.603554357,6.269096284,6.918695219,8.678120856,5.529429088,9.002947131,0,1570,12.80596354,47,1,5,742,2.554004157
29021194,0.07021379,11.27404626,6.196444128,5.225746674,6.226536669,6.12905021,5.087596335,7.090076836,0,1058.8,13.39579388,113,1,5,1541,2.27780177
71116365,-0.071793978,12.29683614,6.59441346,5.332718793,8.321178307,7.04053639,7.660114319,8.232440158,0,637.5,10.56535044,132,1,5,1112,2.078552337
506410625,1.221768027,7.451241685,4.025351691,3.401197382,3.295836866,4.65396035,2.833213344,5.568344504,0,945.9,10.81388093,4,1,5,359,2.375262519
55089500,0.161759987,13.90024134,6.900730664,7.13009851,7.806289289,8.146998697,4.290459441,9.667891793,0,194.7,9.911951631,59,1,5,1238,2.50744855
69748042,-0.558588557,14.48561734,7.884952946,7.363913501,9.243484971,7.266827348,6.756932389,10.39252758,0,192.8,10.36520696,19,1,5,1123,2.418426666
78414848,-0.901637065,11.37377833,6.504288174,5.774551546,6.956545443,7.261927093,5.998936562,8.404024493,0,723.6,13.00289718,115,1,5,1056,2.190557677
716735706,-0.372225517,10.10278913,5.560681631,5.638354669,6.115892125,6.851184927,5.33753808,7.309212366,0,540.5,9.798349234,30,1,5,468,2.539471066
931548166,0.836025904,11.95623213,5.934894196,6.126869184,7.239932591,7.173191742,5.568344504,8.735525186,0,383.6,12.86706847,83,1,5,477,2.286309425
888329209,-0.902675036,10.97301426,6.514712691,6.481577129,5.743003188,6.782192056,4.762173935,8.761393485,0,456.5,12.75084162,231,1,5,518,2.814376185
848604381,-0.328310226,10.16784982,5.192956851,3.871201011,7.183111702,6.01615716,6.180016654,7.427144133,0,817.8,5.690359454,17,1,5,378,2.538002779
57708497,-1.767141045,13.64706232,9.447702361,7.279318835,11.03337238,11.02211486,9.948891036,11.24968882,0,341.1,12.79154552,140,1,5,1214,3.413922302
38667200,-1.077727801,10.9888795,6.887552572,5.837730447,7.950854858,8.181440696,7.009408933,8.064950892,0,1334.1,13.22983207,202,1,5,1408,2.633870776
548758457,-0.886504651,7.789454566,1.098612289,2.079441542,4.248495242,3.258096538,1.098612289,5.375278408,0,659.4,11.07434298,4,1,5,365,2.640289381
931978746,1.102734027,11.36274191,6.698268054,5.82008293,6.285998095,7.412764017,4.890349128,8.404248432,0,519.4,12.72522649,25,1,5,461,2.444217214
244496437,0.332530514,11.24864737,5.459585514,4.718498871,6.651571874,6.49677499,4.700480366,7.975564658,0,609,11.88730574,2,1,5,788,2.387582174
208223593,-0.431785038,9.267098706,4.770684624,4.59511985,5.010635294,4.691347882,4.077537444,5.673323267,0,612.9,5.283203729,51,1,5,397,2.348702451
759182565,-0.128694679,9.818691901,5.613128106,4.317488114,5.676753802,5.375278408,4.48863637,6.530877628,0,1650.7,12.34028006,171,1,5,468,2.560291018
413086181,0.438140057,13.43893607,7.538494999,5.283203729,8.730690366,5.710427017,6.66440902,9.311632623,0,1277.1,11.44652922,87,1,3,906,2.353281896
543150685,-1.593672612,10.52878407,6.786716951,5.247024072,6.599870499,7.913521017,6.079933195,8.268731832,0,679.9,12.40239161,72,1,5,676,2.515420505
57686163,0.001021245,11.44590921,6.695798917,6.32256524,6.711740395,8.079618029,4.709530201,8.683215975,0,565.3,13.35952344,29,1,3,1214,2.458928848
758911478,-0.220327928,10.44263821,3.218875825,3.433987204,3.80666249,3.891820298,2.708050201,6.754604099,0,121.6,10.83567132,8,1,5,484,2.701839015
586017889,0.924819211,15.84878852,8.762802487,9.308917935,11.55138627,12.12694285,11.32435241,13.03770269,0,241.3,12.13717798,21,1,5,663,2.346506295
291707858,0.605555595,11.33947643,6.992096427,6.202535517,6.293419279,7.73587032,4.219507705,9.009814111,0,850.4,12.98049792,114,1,5,472,2.517398316
70974355,0.481105631,11.08384878,6.251903883,5.429345629,6.177944114,6.770789424,4.912654886,7.999678579,0,496.4,13.4318314,96,1,5,1113,2.364396525
52301541,0.936185261,12.1151792,7.280697195,6.210600077,7.861727078,7.513163545,6.210600077,8.349484347,0,540.1,12.53591222,51,1,5,1265,2.800579314
57959450,-0.77578556,11.05991267,6.504288174,5.771441123,6.380122537,7.009408933,4.143134726,7.92984643,0,1223.1,12.65062705,125,1,5,1212,2.214564288
498460398,1.042260015,12.2352236,4.990432587,5.624017506,8.533460164,7.687538766,7.446001498,9.238636241,0,99.1,11.88879697,29,1,5,879,2.996845201
976493460,-1.206160191,8.280711076,0,3.091042453,4.17438727,1.609437912,1.098612289,4.709530201,0,69.1,7.307872781,16,1,5,362,2.632152259
54695402,0.797563509,10.93199921,4.983606622,5.676753802,7.290974778,7.061334367,6.308098442,7.573531263,0,284.4,7.825644732,898,1,5,1241,3.018630785
502813669,-1.030625579,12.67165715,6.913737351,6.084499413,8.001019961,8.063692634,7.566311015,8.688959234,0,863.8,12.33629795,24,1,6,547,2.866870067
208346311,1.922341363,12.29875665,4.644390899,5.521460918,7.691200098,7.161622003,7.642044403,9.014690385,0,178.7,11.88879697,29,1,5,392,2.664960986
848289256,-1.542197404,9.339085328,2.397895273,2.833213344,5.117993812,2.197224577,2.63905733,6.625392368,0,41.7,4.060443011,38,1,5,395,2.458923861
882744752,-0.107252448,13.61055436,7.61332498,7.588829878,10.34303197,10.46917061,9.167745974,11.03123784,0,245.5,10.03897952,130,1,5,934,2.76169726
674229977,-0.74202087,12.65033851,8.176672772,7.518064181,9.60743723,10.0075322,8.768574284,10.03183679,0,2500.1,9.798349234,30,1,5,472,2.62969366
45736455,-0.052416778,11.48005097,6.690842277,5.505331536,7.075808864,7.163946684,5.669880923,7.988203597,0,920.6,12.53591222,51,1,5,1330,2.644462682
23818739,0.256070864,11.22964702,6.445719819,4.94875989,6.89060912,6.198478716,6.180016654,7.085901464,0,710.8,13.32581674,55,1,3,1620,2.390541643
545452198,1.217478267,10.76622982,3.970291914,4.48863637,7.532623619,4.875197323,4.779123493,7.372118028,0,634.1,9.587337416,0,1,5,539,2.285261095
414470112,0.219051625,11.28632595,6.003887067,5.627621114,6.148468296,6.232448017,4.812184355,8.342839804,0,399.8,12.13670113,9,1,5,790,2.180589908
632989870,-0.4847277,10.75917866,4.060443011,4.795790546,6.93439721,6.150602768,5.135798437,7.479299638,0,98.9,10.01373113,62,1,5,416,2.952670495
289521137,0.356380064,10.61988728,6.206575927,4.859812404,5.446737372,6.891625897,4.219507705,8.154500175,0,1002.6,12.49501143,122,1,5,601,2.245203406
335845441,-0.767154975,10.59560921,3.871201011,4.204692619,4.564348191,5.283203729,3.218875825,7.504391559,0,264.1,12.35599583,17,1,5,390,2.550548606
51450967,-0.710602341,11.72521027,7.543273347,5.710427017,6.459904454,7.049254841,5.068904202,8.213923596,0,701.7,14.02456817,181,1,5,1273,2.437384114
462551586,0.760766037,9.551657994,5.370638028,5.438079309,4.430816799,5.541263545,2.833213344,6.939253946,0,1297.8,10.88969606,149,1,5,432,2.058703896
676081564,-1.247157495,10.56954613,4.955827058,6.206575927,6.34738921,5.97126184,4.795790546,7.564757013,0,255.3,4.59511985,22,1,5,384,2.57556132
972529352,-0.297756173,10.90588258,7.298445102,5.283203729,6.489204931,7.00033446,5.278114659,7.893945138,0,1111.1,12.3204811,32,1,5,564,2.016585442
377635496,-0.839123291,9.191361405,3.465735903,4.060443011,6.508769137,5.010635294,5.384495063,6.349138991,0,1425.6,10.8587682,38,1,6,425,2.542162433
37763254,0.228629521,12.72789162,8.028781162,7.250635512,8.323608442,9.283033057,7.349230825,9.775881428,0,753,14.01959931,4,1,5,1420,2.538949742
42150338,-0.597902956,12.0026827,6.745236349,6.81563999,8.636219898,8.511175119,8.02975852,8.991313336,0,324.9,12.00044971,45,1,5,1368,2.213686915
675964962,1.073160968,10.71083358,4.543294782,5.459585514,7.730174795,6.263398263,5.613128106,7.452402451,0,1148.2,8.398184405,29,1,5,386,2.506555866
75020214,0.177058844,11.49334501,6.350885717,4.912654886,6.272877007,6.744059186,4.844187086,7.802209316,0,789.2,12.53591222,51,1,5,1085,2.475607573
715530373,0.204402242,10.73382816,6.308098442,4.844187086,5.313205979,6.109247583,4.634728988,8.016317899,0,463.7,13.20009079,14,1,5,534,2.245083376
414949027,-0.40734667,13.50987766,10.30105489,7.705712824,10.63221903,11.5664378,9.846070282,11.35098284,0,2225.2,12.99471635,101,1,6,748,2.941472643
86185078,-0.090584477,12.02003218,5.537334267,6.198478716,7.33823815,8.129174997,6.070737728,9.676586952,0,121.2,13.22779669,13,1,5,1000,2.659845857
673789915,-0.043546553,10.00211042,6.124683391,5.846438775,5.986452005,6.814542897,5.159055299,7.559038255,0,512.9,6.194405391,227,1,5,491,2.441629071
720491049,0.296591722,11.80391456,6.317164687,5.655991811,7.636752112,7.22620901,5.424950017,8.491054534,0,1564.3,12.86460509,0,1,5,410,2.211562494
208344551,-1.474865035,10.16068464,4.33073334,4.077537444,5.583496309,5.697093487,4.990432587,8.122668023,0,199.9,13.62520562,24,1,5,390,2.010577511
932435893,-0.318155445,10.79480913,4.812184355,4.718498871,5.111987788,5.153291594,4.234106505,7.323830566,0,349.3,11.05824385,89,1,5,437,2.604281227
762526063,2.355005197,9.530683227,0,2.833213344,5.659482216,4.356708827,3.688879454,6.70073111,0,22.4,11.39344349,19,1,5,430,2.399057344
890850279,-1.965513095,9.17543832,1.609437912,3.688879454,4.605170186,3.36729583,4.442651256,5.480638923,0,17.2,2.944438979,52,1,5,392,3.370129824
8964264,0.196941203,11.64544384,8.734077193,6.320768294,6.851184927,7.228388452,6.202535517,4.430816799,0,1476.5,13.28831162,155,1,4,2065,2.387924825
201675238,0.893442566,11.00592585,6.52649486,5.605802066,6.507277712,6.857514063,5.733341277,7.976251944,0,1776.9,12.19606776,97,1,5,811,2.508493156
461299978,-0.619743787,10.386284,3.713572067,5.164785974,6.487684018,5.991464547,6.00635316,7.241366283,0,174.5,3.555348061,39,1,5,494,2.99996002
68429792,0.515978709,11.42946777,7.045776577,5.370638028,6.198478716,6.684611728,4.060443011,8.238008249,0,1112.4,14.02456817,181,1,5,1134,2.098793133
503898256,-0.412117986,12.79949617,7.571473649,6.74051936,7.284820913,8.515792211,6.603943825,10.36277775,0,663,13.93423715,198,1,5,484,2.228704289
79176761,-0.368770806,10.67761546,6.865891075,5.981414211,6.703188113,8.084254106,5.424950017,8.435549202,0,177.4,11.95975642,1,1,3,1050,2.489681719
58052048,1.112647947,11.44684976,7.758760544,6.548219103,8.486733984,8.198639455,6.634633358,8.748622322,0,685.2,9.259701802,159,1,3,1211,2.273216302
61041668,-1.242951436,12.88014913,7.148345744,6.850126166,9.387146748,9.007244516,8.938662874,9.595330627,0,184,8.200837258,41,1,5,1189,2.385906046
970643149,-0.111664339,12.15941072,4.634728988,5.170483995,6.023447593,5.755742214,4.077537444,9.626085789,0,78.2,13.11169669,0,1,5,677,2.338797718
848672050,2.329178154,8.675904883,1.945910149,3.135494216,4.744932128,4.077537444,2.302585093,5.683579767,0,269.4,3.258096538,49,1,5,372,2.514997333
590505622,2.64665324,9.866200968,2.995732274,3.871201011,6.872128101,5.620400866,5.84932478,7.206377291,0,1021.2,9.570389617,112,1,5,408,2.64639961
631927430,-0.12926846,12.03543852,5.023880521,5.752572639,8.14322675,7.893572074,7.774015077,9.125980023,0,227.7,11.88879697,29,1,5,457,2.548102573
291628417,-0.372669895,11.34240994,5.780743516,5.886104031,6.972606251,7.637716433,5.869296913,8.604287898,0,389.7,12.86706847,83,1,5,470,2.851332024
968818646,1.149480645,11.55226156,3.912023005,4.025351691,5.231108617,5.598421959,3.091042453,7.707512195,0,56.8,11.57328652,5,1,3,843,2.590516508
845399338,-0.453160527,11.83713713,5.192956851,4.727387819,9.858019364,8.179480185,6.378426184,8.967886572,0,213.6,11.00148298,28,1,5,540,2.538775145
932051805,0.519665433,12.03682525,6.855408799,6.293419279,8.850660919,9.050523671,8.021912779,9.319015389,0,638.8,13.46436459,79,1,6,455,2.672139618
75539081,-0.37388328,12.3059768,6.760414691,5.976350909,7.107425474,7.103322063,5.978885765,8.888894669,0,473.5,14.02456817,181,1,5,1081,2.553585789
760916935,-0.598329766,11.88379223,5.680172609,6.470799504,7.996990406,7.122059882,7.644919345,8.725669706,0,564.4,7.585281079,226,1,5,513,2.188756382
505301523,-1.030550316,9.753536376,5.356586275,4.143134726,4.248495242,5.117993812,2.397895273,6.717804695,0,434.9,11.38353406,207,1,5,421,2.041525379
83225571,-0.428559578,10.7679796,6.269096284,5.774551546,7.218909708,7.988882253,6.480044562,8.04334217,0,507.6,13.22983207,202,1,5,1020,2.692130369
589802935,-2.074573507,9.984652707,3.555348061,4.934473933,6.326149473,6.249975242,4.624972813,7.224024808,0,190,9.747593688,14,1,5,442,2.905366093
251247088,0.046708036,8.169336396,1.791759469,2.397895273,4.454347296,2.63905733,2.197224577,5.267858159,0,95,8.125630988,59,1,5,371,2.288329706
76336918,-2.241249585,10.82570071,4.859812404,4.804021045,8.219864742,6.817830571,6.461468176,8.026170195,0,120,9.570808114,631,1,5,1074,2.634948649
58559575,-0.6243347,11.08021762,6.12905021,5.351858133,5.549076085,6.759255271,3.688879454,8.188133415,0,505.1,13.09480306,50,1,5,1207,2.449685656
712399481,-0.731672656,11.25555272,6.359573869,5.135798437,5.96870756,6.842683282,4.234106505,8.007367068,0,485.7,11.53848599,96,1,5,747,2.380167957
39957828,1.159198532,11.8946237,6.551080335,5.866468057,7.549609165,7.307202315,5.624017506,8.418256444,0,693.9,13.32581674,55,1,5,1393,2.355742082
64360052,-0.06317818,12.26375648,7.465082736,6.88857246,9.038840054,9.997706228,6.739336627,9.84288793,0,616.3,9.654833867,110,1,5,1167,2.531214514
757552461,-1.629769825,10.97339168,3.433987204,3.988984047,7.96797318,6.180016654,4.955827058,7.235619141,0,113.4,11.00148298,28,1,5,564,3.061778665
548953944,-2.841174745,7.590346946,1.945910149,3.401197382,3.610917913,3.988984047,1.386294361,4.912654886,0,244.7,9.784704017,119,1,5,361,2.669993803
763275542,3.546642823,11.10153785,7.167037877,6.054439346,6.82437367,8.120588712,5.713732806,8.556990661,0,1147.5,12.0076461,35,1,5,396,2.3562553
805794524,-0.494851903,9.35617082,3.044522438,4.955827058,3.555348061,4.8978398,3.044522438,5.860786223,0,1143.1,10.2913995,21,1,5,391,1.874178171
718834693,1.585789588,9.549166978,4.927253685,4.718498871,5.521460918,6.456769656,4.406719247,7.047517221,0,443,9.798349234,30,1,5,366,2.372347435
762497923,1.467534573,10.41307241,2.079441542,3.583518938,6.898714534,5.209486153,4.382026635,7.763021309,0,34,11.39344349,19,1,5,435,2.619111411
377273705,1.335870693,9.165133779,3.828641396,4.077537444,5.602118821,5.003946306,4.882801923,6.388561406,0,454.8,2.944438979,147,1,5,443,2.712267637
332299450,0.062919749,10.84867667,5.442417711,5.66296048,5.402677382,7.488293515,3.737669618,8.25997566,0,360.7,11.62015523,165,1,5,580,2.148157845
672532018,0.314284403,11.69054431,3.33220451,4.143134726,9.392161804,7.686162303,6.593044534,8.594524534,0,162.8,11.00148298,28,1,5,568,2.594963931
710118696,-0.82388132,11.55920773,5.780743516,5.783825182,7.013915475,5.85220248,6.045005314,7.695303135,0,305.2,11.4438433,7,1,5,941,1.961685583
721499561,-0.229560755,9.189525232,3.526360525,3.555348061,3.737669618,4.672828834,2.772588722,6.345636361,0,245.2,9.191870856,35,1,5,0,2.15476086
32237298,-0.028935573,11.40823139,6.124683391,5.192956851,7.278628942,6.228511004,4.709530201,7.230563153,0,1013.9,12.36886304,216,1,5,1498,2.260207202
292592311,-0.761555486,9.426982837,5.068904202,3.828641396,6.12905021,5.484796933,3.295836866,6.698268054,0,290.8,11.61754671,231,1,5,430,2.632839752
377838527,-1.875810152,9.831561813,4.077537444,4.510859507,6.011267174,4.060443011,5.176149733,6.001414878,0,1376.8,8.489616424,6,1,5,414,2.48733983
18201791,0.280037452,11.98618005,6.576469569,5.587248658,8.617581365,7.243512975,6.56667243,7.502186487,0,2421.4,12.34028006,171,1,3,1751,1.91156841
378189741,0.102217406,9.756494529,5.416100402,4.634728988,4.663439094,5.298317367,1.945910149,6.839476438,0,1108.4,10.42756498,104,1,5,399,2.465166211
371354753,-1.066548543,12.34600849,6.501289671,6.148468296,6.320768294,7.079184395,6.302618976,9.90757917,0,69.4,12.41859196,5,1,5,844,2.22587914
883491044,-0.097263642,11.37990823,6.359573869,4.9698133,5.948034989,6.84694314,4.304065093,7.893945138,0,478.8,10.6498911,33,1,5,872,2.47584088
804826145,-0.841324547,10.1572379,3.912023005,4.382026635,4.955827058,5.135798437,3.761200116,7.394493107,0,230.9,12.50647349,150,1,5,0,2.653639758
23908193,1.126941745,11.69395452,5.978885765,5.135798437,7.378383713,6.089044875,5.789960171,7.167809184,0,520.1,13.32581674,55,1,3,1618,2.348912687
717934133,0.305170912,10.25899181,4.543294782,4.532599493,4.804021045,4.418840608,2.833213344,6.52649486,0,737,5.420534999,265,1,5,411,2.098610664
463857365,-0.0037748,9.092119741,3.17805383,4.158883083,5.303304908,4.983606622,4.17438727,6.226536669,0,288.8,8.334471555,28,1,5,366,2.029981829
248540971,0.438643421,11.06150018,3.688879454,4.219507705,8.305484018,6.73459166,4.96284463,7.824845691,0,418.3,11.00148298,28,1,5,505,2.510911874
15719832,0.195426858,11.51348531,5.442417711,4.976733742,6.869014451,5.476463552,7.213768308,6.632001777,0,248.7,9.552368574,38,1,4,1830,2.939309262
548258289,1.24255357,9.392661929,0,2.833213344,2.708050201,1.945910149,1.098612289,4.510859507,0,166.5,10.50152703,42,1,5,391,2.557816818
377801618,-2.117640436,10.07668427,5.283203729,5.521460918,6.274762021,5.846438775,5.683579767,7.251344983,0,80.8,6.274762021,192,1,5,419,2.212642481
888957712,-0.210120379,12.1535312,5.398162702,6.263398263,9.081369991,8.718009331,7.46221494,9.491979221,0,161.2,9.344434106,19,1,6,483,3.23598288
375882748,-1.064166851,10.58481516,3.891820298,4.025351691,7.849713758,6.363028104,5.257495372,7.07834158,0,170.4,11.00148298,28,1,5,512,3.339699164
721522638,0.63925579,5.407171771,2.708050201,2.833213344,1.945910149,3.218875825,1.791759469,2.708050201,0,807.6,3.258096538,157,1,5,353,2.330121137
891536680,-0.363346301,8.663542088,2.833213344,3.610917913,4.158883083,4.110873864,2.079441542,5.814130532,0,353.5,10.4911631,40,1,5,354,1.982288294
759130814,-0.390563732,10.22408444,4.204692619,4.691347882,6.318968114,5.831882477,5.789960171,7.13169851,0,726.5,11.69295273,26,1,5,473,2.567725221
763428392,0.257545855,9.795846661,3.610917913,4.634728988,6.738152495,5.777652323,4.189654742,6.758094504,0,203,12.11814266,499,1,6,388,2.334901154
294037539,-0.909484968,8.745602852,3.784189634,4.709530201,4.905274778,5.472270674,2.708050201,6.822197391,0,176.2,7.764296006,45,1,5,356,2.739796773
251502656,1.673630111,6.588926478,2.302585093,3.218875825,0,3.496507561,1.609437912,4.043051268,0,488.4,7.370230642,14,1,5,354,2.395911582
293936527,-0.884156875,7.300472814,2.079441542,3.80666249,3.044522438,2.48490665,0.693147181,4.430816799,0,429.7,9.745312118,44,1,5,358,1.705253318
293732713,-0.493144773,8.652073674,3.091042453,4.043051268,4.060443011,4.158883083,1.945910149,5.613128106,0,294.5,9.181014543,8,1,5,372,2.369084962
53782515,0.734028739,12.64304934,6.120297419,5.860786223,8.427706025,7.047517221,5.525452939,8.597851094,0,633,13.53744081,47,1,5,1251,2.429845568
796795073,0.011598422,10.86107377,4.477336814,4.060443011,7.22329568,7.44716836,7.060476366,8.177234886,0,63.1,7.588323677,69,1,3,803,2.673935555
549073446,-0.572162697,6.897704943,1.945910149,3.044522438,1.386294361,2.63905733,1.098612289,3.931825633,0,302.9,7.370230642,14,1,5,355,2.593812376
845896990,-0.221433606,10.62999697,1.386294361,3.135494216,5.568344504,2.302585093,2.63905733,5.902633333,0,13.3,9.754697479,1,1,5,510,2.46927648
293743974,-0.34771456,8.222285074,2.890371758,4.442651256,3.36729583,4.094344562,2.079441542,5.840641657,0,789.2,10.51173023,39,1,5,374,2.733924747
208576236,-0.322603783,9.770698741,4.96284463,5.220355825,4.382026635,5.111987788,2.63905733,7.029087564,0,1380.2,10.74248679,98,1,5,383,2.436549914
463823881,1.034963444,8.163656176,2.772588722,3.433987204,3.36729583,4.532599493,1.791759469,5.686975356,0,496.2,11.60500315,272,1,5,367,2.212509468
848588419,-0.970199284,9.396570945,2.48490665,3.912023005,5.278114659,4.204692619,2.944438979,5.749392986,0,204.6,5.771441123,219,1,6,383,2.717779621
292373640,2.341491353,10.09987637,2.197224577,5.017279837,8.252706677,7.057036982,4.927253685,7.157735484,0,141.1,9.432283203,5,1,6,434,2.712479375
506205079,1.151873643,8.626226952,3.496507561,4.276666119,4.934473933,4.624972813,3.891820298,5.913503006,0,477,6.968850378,3,1,5,374,2.609621987
847565578,-0.35583191,10.03486663,2.397895273,3.891820298,7.3524411,6.056784013,4.836281907,6.790097236,0,241.9,11.00148298,28,1,5,428,2.303769477
721038799,0.480149688,9.663515696,3.688879454,4.406719247,6.787844982,5.686975356,4.234106505,6.573680167,0,904.5,8.398184405,29,1,5,381,2.024324283
806048330,0.160113529,9.204624065,2.302585093,2.890371758,3.433987204,6.063785209,0.693147181,6.549650742,0,412.5,8.569785642,184,1,6,381,2.448409408
378632636,-1.126350882,8.332548939,3.36729583,4.477336814,4.875197323,5.451038454,3.433987204,5.703782475,0,1085.6,10.71916205,65,1,6,371,2.440012842
379068730,-0.196439402,8.960852845,2.63905733,3.951243719,6.408528791,5.686975356,4.007333185,6.866933284,0,256.2,4.343805422,53,1,6,356,2.740584433
718511348,1.389982596,8.978282203,1.609437912,1.791759469,5.697093487,3.63758616,4.753590191,5.786897381,0,344.4,2.302585093,109,1,6,381,2.905697361
891553522,0.638796033,7.162397497,2.302585093,2.995732274,2.944438979,3.891820298,1.609437912,4.574710979,0,521.4,6.228511004,97,1,5,355,2.555636272
929519358,-0.019182693,11.69642133,3.465735903,4.96284463,7.290974778,5.356586275,7.811163385,6.920671504,0,60,9.647304147,10,1,6,595,2.523237497
675998802,-0.352496787,8.987821625,2.890371758,3.401197382,2.63905733,2.708050201,2.302585093,5.680172609,0,262.7,10.50180194,23,1,5,385,2.488385528
208490506,-0.039451197,9.310004695,3.496507561,4.060443011,6.278521424,4.025351691,6.259581464,7.656337166,0,384.6,10.87542111,436,1,5,386,2.906887755
206147387,-0.493815566,10.44549202,2.995732274,4.094344562,5.910796644,2.48490665,2.397895273,7.487733761,0,92.6,5.231108617,274,1,6,497,2.707275718
547549053,0.260464936,10.06134564,3.583518938,4.634728988,4.59511985,4.521788577,4.727387819,6.634633358,0,218,8.830543011,35,1,5,432,2.213073425
676419352,-0.840792736,7.377133713,0,1.386294361,4.043051268,1.945910149,1.791759469,4.158883083,0,494.6,11.8427974,270,1,6,356,2.540768348
974149796,-0.113856476,10.45860754,3.737669618,4.234106505,5.433722004,4.859812404,4.644390899,7.215975003,0,506.5,11.39344349,19,1,5,470,2.395371087
590563399,-0.65548048,10.27728998,2.564949357,4.779123493,6.629363253,4.189654742,5.805134969,5.973809612,0,92.4,4.477336814,0,1,3,407,2.597093448
762974702,-1.257065099,9.913239844,2.890371758,3.891820298,7.167037877,6.086774727,5.081404365,6.795705775,0,238.7,11.00148298,28,1,5,414,2.721175507
931050452,0.526948438,9.9171932,3.044522438,4.605170186,5.899897354,5.056245805,4.718498871,6.50578406,0,724.7,5.96870756,90,1,5,502,2.553423822
293900041,0.7377644,8.429890863,1.609437912,3.33220451,5.420534999,4.48863637,4.094344562,5.605802066,0,92.5,7.616283562,87,1,5,358,2.858720168
802725354,-0.784128052,10.48178489,2.708050201,4.779123493,7.249925537,6.543911846,5.18178355,7.379632153,0,92.2,10.71916205,65,1,6,554,2.885744631
676014984,-0.316096838,8.771215062,1.609437912,0.693147181,6.042632834,4.043051268,2.564949357,4.077537444,0,313.7,9.307648554,141,1,5,381,2.191368468
976155642,-0.714504246,8.339739766,2.397895273,3.526360525,3.401197382,4.219507705,1.386294361,5.153291594,0,259.3,8.383204551,17,1,5,374,2.534474418
209116798,1.280117986,6.192362489,2.079441542,3.401197382,2.079441542,3.258096538,0.693147181,3.80666249,0,749,9.943717372,124,1,2,351,2.593393922
933733577,-2.005357453,8.698180525,4.890349128,3.526360525,3.951243719,4.143134726,2.63905733,6.556778356,0,140.4,12.87729114,86,1,5,372,2.625193335
631067992,1.520940258,10.89586858,3.80666249,5.164785974,6.459904454,5.192956851,4.736198448,6.849066283,0,320.1,5.411646052,168,1,5,507,2.579245895
548274951,-0.080098246,8.733110698,3.761200116,4.394449155,4.510859507,5.164785974,3.828641396,6.11368218,0,316.4,9.798349234,30,1,5,393,2.33038833
463743566,0.858718201,8.464635941,4.143134726,4.219507705,3.044522438,4.442651256,2.944438979,5.605802066,0,393.8,7.370230642,14,1,5,375,2.018703707
632813464,2.185187131,9.018937706,4.143134726,1.098612289,5.680172609,3.496507561,4.727387819,5.789960171,0,103.4,2.708050201,41,1,6,422,2.684537791
463727130,-0.606987412,9.003808086,3.610917913,1.945910149,5.609471795,3.135494216,4.736198448,5.690359454,0,325.3,7.599901959,26,1,5,372,2.102310181